bed	seed	seat0	seat1	x0	x1	share0
short-range	1	Meadow=Spur	Tor	0.0000	13.1600	0.000
short-range	1	Meadow=Spur	Cairn	0.0000	13.1600	0.000
short-range	1	Meadow=Spur	Delta=Ford	13.1483	13.1052	0.501
short-range	1	Meadow=Spur	Range=Strait	13.1483	13.1544	0.500
short-range	1	Meadow=Spur	Scarp	0.0000	13.1945	0.000
short-range	1	Tor	Meadow=Spur	13.1600	0.0000	1.000
short-range	1	Tor	Cairn	0.0000	13.1600	0.000
short-range	1	Tor	Delta=Ford	13.1600	0.0000	1.000
short-range	1	Tor	Range=Strait	13.1600	0.0000	1.000
short-range	1	Tor	Scarp	0.0000	13.1945	0.000
short-range	1	Cairn	Meadow=Spur	13.1600	0.0000	1.000
short-range	1	Cairn	Tor	13.1600	0.0000	1.000
short-range	1	Cairn	Delta=Ford	13.1600	0.0000	1.000
short-range	1	Cairn	Range=Strait	13.1600	0.0000	1.000
short-range	1	Cairn	Scarp	0.0000	13.1945	0.000
short-range	1	Delta=Ford	Meadow=Spur	13.1052	13.1483	0.499
short-range	1	Delta=Ford	Tor	0.0000	13.1600	0.000
short-range	1	Delta=Ford	Cairn	0.0000	13.1600	0.000
short-range	1	Delta=Ford	Range=Strait	13.1052	13.1544	0.499
short-range	1	Delta=Ford	Scarp	0.0000	13.1945	0.000
short-range	1	Range=Strait	Meadow=Spur	13.1544	13.1483	0.500
short-range	1	Range=Strait	Tor	0.0000	13.1600	0.000
short-range	1	Range=Strait	Cairn	0.0000	13.1600	0.000
short-range	1	Range=Strait	Delta=Ford	13.1544	13.1052	0.501
short-range	1	Range=Strait	Scarp	0.0000	13.1945	0.000
short-range	1	Scarp	Meadow=Spur	13.1945	0.0000	1.000
short-range	1	Scarp	Tor	13.1945	0.0000	1.000
short-range	1	Scarp	Cairn	13.1945	0.0000	1.000
short-range	1	Scarp	Delta=Ford	13.1945	0.0000	1.000
short-range	1	Scarp	Range=Strait	13.1945	0.0000	1.000
short-range	7	Meadow=Spur	Tor	0.0000	13.1600	0.000
short-range	7	Meadow=Spur	Cairn	0.0000	13.1600	0.000
short-range	7	Meadow=Spur	Delta=Ford	13.1483	13.1052	0.501
short-range	7	Meadow=Spur	Range=Strait	13.1483	13.1544	0.500
short-range	7	Meadow=Spur	Scarp	0.0000	13.1945	0.000
short-range	7	Tor	Meadow=Spur	13.1600	0.0000	1.000
short-range	7	Tor	Cairn	0.0000	13.1400	0.000
short-range	7	Tor	Delta=Ford	13.1600	0.0000	1.000
short-range	7	Tor	Range=Strait	13.1600	0.0000	1.000
short-range	7	Tor	Scarp	0.0000	13.1945	0.000
short-range	7	Cairn	Meadow=Spur	13.1600	0.0000	1.000
short-range	7	Cairn	Tor	13.1600	0.0000	1.000
short-range	7	Cairn	Delta=Ford	13.1600	0.0000	1.000
short-range	7	Cairn	Range=Strait	13.1600	0.0000	1.000
short-range	7	Cairn	Scarp	0.0000	13.1945	0.000
short-range	7	Delta=Ford	Meadow=Spur	13.1052	13.1483	0.499
short-range	7	Delta=Ford	Tor	0.0000	13.1600	0.000
short-range	7	Delta=Ford	Cairn	0.0000	13.1600	0.000
short-range	7	Delta=Ford	Range=Strait	13.1052	13.1544	0.499
short-range	7	Delta=Ford	Scarp	0.0000	13.1945	0.000
short-range	7	Range=Strait	Meadow=Spur	13.1544	13.1483	0.500
short-range	7	Range=Strait	Tor	0.0000	13.1600	0.000
short-range	7	Range=Strait	Cairn	0.0000	13.1600	0.000
short-range	7	Range=Strait	Delta=Ford	13.1544	13.1052	0.501
short-range	7	Range=Strait	Scarp	0.0000	13.1945	0.000
short-range	7	Scarp	Meadow=Spur	13.1945	0.0000	1.000
short-range	7	Scarp	Tor	13.1945	0.0000	1.000
short-range	7	Scarp	Cairn	13.1945	0.0000	1.000
short-range	7	Scarp	Delta=Ford	13.1945	0.0000	1.000
short-range	7	Scarp	Range=Strait	13.1945	0.0000	1.000
short-range	42	Meadow=Spur	Tor	0.0000	13.1600	0.000
short-range	42	Meadow=Spur	Cairn	0.0000	13.1600	0.000
short-range	42	Meadow=Spur	Delta=Ford	13.1483	13.1052	0.501
short-range	42	Meadow=Spur	Range=Strait	13.1483	13.1544	0.500
short-range	42	Meadow=Spur	Scarp	0.0000	13.1945	0.000
short-range	42	Tor	Meadow=Spur	13.1600	0.0000	1.000
short-range	42	Tor	Cairn	0.0000	13.1600	0.000
short-range	42	Tor	Delta=Ford	13.1600	0.0000	1.000
short-range	42	Tor	Range=Strait	13.1600	0.0000	1.000
short-range	42	Tor	Scarp	0.0000	13.1945	0.000
short-range	42	Cairn	Meadow=Spur	13.1600	0.0000	1.000
short-range	42	Cairn	Tor	13.1600	0.0000	1.000
short-range	42	Cairn	Delta=Ford	13.1600	0.0000	1.000
short-range	42	Cairn	Range=Strait	13.1600	0.0000	1.000
short-range	42	Cairn	Scarp	0.0000	13.1945	0.000
short-range	42	Delta=Ford	Meadow=Spur	13.1052	13.1483	0.499
short-range	42	Delta=Ford	Tor	0.0000	13.1600	0.000
short-range	42	Delta=Ford	Cairn	0.0000	13.1600	0.000
short-range	42	Delta=Ford	Range=Strait	13.1052	13.1544	0.499
short-range	42	Delta=Ford	Scarp	0.0000	13.1945	0.000
short-range	42	Range=Strait	Meadow=Spur	13.1544	13.1483	0.500
short-range	42	Range=Strait	Tor	0.0000	13.1600	0.000
short-range	42	Range=Strait	Cairn	0.0000	13.1600	0.000
short-range	42	Range=Strait	Delta=Ford	13.1544	13.1052	0.501
short-range	42	Range=Strait	Scarp	0.0000	13.1945	0.000
short-range	42	Scarp	Meadow=Spur	13.1945	0.0000	1.000
short-range	42	Scarp	Tor	13.1945	0.0000	1.000
short-range	42	Scarp	Cairn	13.1945	0.0000	1.000
short-range	42	Scarp	Delta=Ford	13.1945	0.0000	1.000
short-range	42	Scarp	Range=Strait	13.1945	0.0000	1.000
short-range	31337	Meadow=Spur	Tor	0.0000	13.1600	0.000
short-range	31337	Meadow=Spur	Cairn	0.0000	13.1600	0.000
short-range	31337	Meadow=Spur	Delta=Ford	13.1483	13.1052	0.501
short-range	31337	Meadow=Spur	Range=Strait	13.1483	13.1544	0.500
short-range	31337	Meadow=Spur	Scarp	0.0000	13.1945	0.000
short-range	31337	Tor	Meadow=Spur	13.1600	0.0000	1.000
short-range	31337	Tor	Cairn	0.0000	13.1400	0.000
short-range	31337	Tor	Delta=Ford	13.1600	0.0000	1.000
short-range	31337	Tor	Range=Strait	13.1600	0.0000	1.000
short-range	31337	Tor	Scarp	0.0000	13.1945	0.000
short-range	31337	Cairn	Meadow=Spur	13.1600	0.0000	1.000
short-range	31337	Cairn	Tor	13.1600	0.0000	1.000
short-range	31337	Cairn	Delta=Ford	13.1600	0.0000	1.000
short-range	31337	Cairn	Range=Strait	13.1600	0.0000	1.000
short-range	31337	Cairn	Scarp	0.0000	13.1945	0.000
short-range	31337	Delta=Ford	Meadow=Spur	13.1052	13.1483	0.499
short-range	31337	Delta=Ford	Tor	0.0000	13.1600	0.000
short-range	31337	Delta=Ford	Cairn	0.0000	13.1600	0.000
short-range	31337	Delta=Ford	Range=Strait	13.1052	13.1544	0.499
short-range	31337	Delta=Ford	Scarp	0.0000	13.1945	0.000
short-range	31337	Range=Strait	Meadow=Spur	13.1544	13.1483	0.500
short-range	31337	Range=Strait	Tor	0.0000	13.1600	0.000
short-range	31337	Range=Strait	Cairn	0.0000	13.1600	0.000
short-range	31337	Range=Strait	Delta=Ford	13.1544	13.1052	0.501
short-range	31337	Range=Strait	Scarp	0.0000	13.1945	0.000
short-range	31337	Scarp	Meadow=Spur	13.1945	0.0000	1.000
short-range	31337	Scarp	Tor	13.1945	0.0000	1.000
short-range	31337	Scarp	Cairn	13.1945	0.0000	1.000
short-range	31337	Scarp	Delta=Ford	13.1945	0.0000	1.000
short-range	31337	Scarp	Range=Strait	13.1945	0.0000	1.000
short-range	2	Meadow=Spur	Tor	0.0000	13.1600	0.000
short-range	2	Meadow=Spur	Cairn	0.0000	13.1600	0.000
short-range	2	Meadow=Spur	Delta=Ford	13.1483	13.1052	0.501
short-range	2	Meadow=Spur	Range=Strait	13.1483	13.1544	0.500
short-range	2	Meadow=Spur	Scarp	0.0000	13.1945	0.000
short-range	2	Tor	Meadow=Spur	13.1600	0.0000	1.000
short-range	2	Tor	Cairn	0.0000	13.1600	0.000
short-range	2	Tor	Delta=Ford	13.1600	0.0000	1.000
short-range	2	Tor	Range=Strait	13.1600	0.0000	1.000
short-range	2	Tor	Scarp	0.0000	13.1945	0.000
short-range	2	Cairn	Meadow=Spur	13.1600	0.0000	1.000
short-range	2	Cairn	Tor	13.1600	0.0000	1.000
short-range	2	Cairn	Delta=Ford	13.1600	0.0000	1.000
short-range	2	Cairn	Range=Strait	13.1600	0.0000	1.000
short-range	2	Cairn	Scarp	0.0000	13.1945	0.000
short-range	2	Delta=Ford	Meadow=Spur	13.1052	13.1483	0.499
short-range	2	Delta=Ford	Tor	0.0000	13.1600	0.000
short-range	2	Delta=Ford	Cairn	0.0000	13.1600	0.000
short-range	2	Delta=Ford	Range=Strait	13.1052	13.1544	0.499
short-range	2	Delta=Ford	Scarp	0.0000	13.1945	0.000
short-range	2	Range=Strait	Meadow=Spur	13.1544	13.1483	0.500
short-range	2	Range=Strait	Tor	0.0000	13.1600	0.000
short-range	2	Range=Strait	Cairn	0.0000	13.1600	0.000
short-range	2	Range=Strait	Delta=Ford	13.1544	13.1052	0.501
short-range	2	Range=Strait	Scarp	0.0000	13.1945	0.000
short-range	2	Scarp	Meadow=Spur	13.1945	0.0000	1.000
short-range	2	Scarp	Tor	13.1945	0.0000	1.000
short-range	2	Scarp	Cairn	13.1945	0.0000	1.000
short-range	2	Scarp	Delta=Ford	13.1945	0.0000	1.000
short-range	2	Scarp	Range=Strait	13.1945	0.0000	1.000
short-range	3	Meadow=Spur	Tor	0.0000	13.1600	0.000
short-range	3	Meadow=Spur	Cairn	0.0000	13.1600	0.000
short-range	3	Meadow=Spur	Delta=Ford	13.1483	13.1052	0.501
short-range	3	Meadow=Spur	Range=Strait	13.1483	13.1544	0.500
short-range	3	Meadow=Spur	Scarp	0.0000	13.1945	0.000
short-range	3	Tor	Meadow=Spur	13.1600	0.0000	1.000
short-range	3	Tor	Cairn	0.0000	13.1400	0.000
short-range	3	Tor	Delta=Ford	13.1600	0.0000	1.000
short-range	3	Tor	Range=Strait	13.1600	0.0000	1.000
short-range	3	Tor	Scarp	0.0000	13.1945	0.000
short-range	3	Cairn	Meadow=Spur	13.1600	0.0000	1.000
short-range	3	Cairn	Tor	13.1600	0.0000	1.000
short-range	3	Cairn	Delta=Ford	13.1600	0.0000	1.000
short-range	3	Cairn	Range=Strait	13.1600	0.0000	1.000
short-range	3	Cairn	Scarp	0.0000	13.1945	0.000
short-range	3	Delta=Ford	Meadow=Spur	13.1052	13.1483	0.499
short-range	3	Delta=Ford	Tor	0.0000	13.1600	0.000
short-range	3	Delta=Ford	Cairn	0.0000	13.1600	0.000
short-range	3	Delta=Ford	Range=Strait	13.1052	13.1544	0.499
short-range	3	Delta=Ford	Scarp	0.0000	13.1945	0.000
short-range	3	Range=Strait	Meadow=Spur	13.1544	13.1483	0.500
short-range	3	Range=Strait	Tor	0.0000	13.1600	0.000
short-range	3	Range=Strait	Cairn	0.0000	13.1600	0.000
short-range	3	Range=Strait	Delta=Ford	13.1544	13.1052	0.501
short-range	3	Range=Strait	Scarp	0.0000	13.1945	0.000
short-range	3	Scarp	Meadow=Spur	13.1945	0.0000	1.000
short-range	3	Scarp	Tor	13.1945	0.0000	1.000
short-range	3	Scarp	Cairn	13.1945	0.0000	1.000
short-range	3	Scarp	Delta=Ford	13.1945	0.0000	1.000
short-range	3	Scarp	Range=Strait	13.1945	0.0000	1.000
short-range	5	Meadow=Spur	Tor	0.0000	13.1600	0.000
short-range	5	Meadow=Spur	Cairn	0.0000	13.1600	0.000
short-range	5	Meadow=Spur	Delta=Ford	13.1483	13.1052	0.501
short-range	5	Meadow=Spur	Range=Strait	13.1483	13.1544	0.500
short-range	5	Meadow=Spur	Scarp	0.0000	13.1945	0.000
short-range	5	Tor	Meadow=Spur	13.1600	0.0000	1.000
short-range	5	Tor	Cairn	0.0000	13.1600	0.000
short-range	5	Tor	Delta=Ford	13.1600	0.0000	1.000
short-range	5	Tor	Range=Strait	13.1600	0.0000	1.000
short-range	5	Tor	Scarp	0.0000	13.1945	0.000
short-range	5	Cairn	Meadow=Spur	13.1600	0.0000	1.000
short-range	5	Cairn	Tor	13.1600	0.0000	1.000
short-range	5	Cairn	Delta=Ford	13.1600	0.0000	1.000
short-range	5	Cairn	Range=Strait	13.1600	0.0000	1.000
short-range	5	Cairn	Scarp	0.0000	13.1945	0.000
short-range	5	Delta=Ford	Meadow=Spur	13.1052	13.1483	0.499
short-range	5	Delta=Ford	Tor	0.0000	13.1600	0.000
short-range	5	Delta=Ford	Cairn	0.0000	13.1600	0.000
short-range	5	Delta=Ford	Range=Strait	13.1052	13.1544	0.499
short-range	5	Delta=Ford	Scarp	0.0000	13.1945	0.000
short-range	5	Range=Strait	Meadow=Spur	13.1544	13.1483	0.500
short-range	5	Range=Strait	Tor	0.0000	13.1600	0.000
short-range	5	Range=Strait	Cairn	0.0000	13.1600	0.000
short-range	5	Range=Strait	Delta=Ford	13.1544	13.1052	0.501
short-range	5	Range=Strait	Scarp	0.0000	13.1945	0.000
short-range	5	Scarp	Meadow=Spur	13.1945	0.0000	1.000
short-range	5	Scarp	Tor	13.1945	0.0000	1.000
short-range	5	Scarp	Cairn	13.1945	0.0000	1.000
short-range	5	Scarp	Delta=Ford	13.1945	0.0000	1.000
short-range	5	Scarp	Range=Strait	13.1945	0.0000	1.000
short-range	11	Meadow=Spur	Tor	0.0000	13.1600	0.000
short-range	11	Meadow=Spur	Cairn	0.0000	13.1600	0.000
short-range	11	Meadow=Spur	Delta=Ford	13.1483	13.1052	0.501
short-range	11	Meadow=Spur	Range=Strait	13.1483	13.1544	0.500
short-range	11	Meadow=Spur	Scarp	0.0000	13.1945	0.000
short-range	11	Tor	Meadow=Spur	13.1600	0.0000	1.000
short-range	11	Tor	Cairn	0.0000	13.1600	0.000
short-range	11	Tor	Delta=Ford	13.1600	0.0000	1.000
short-range	11	Tor	Range=Strait	13.1600	0.0000	1.000
short-range	11	Tor	Scarp	0.0000	13.1945	0.000
short-range	11	Cairn	Meadow=Spur	13.1600	0.0000	1.000
short-range	11	Cairn	Tor	13.1600	0.0000	1.000
short-range	11	Cairn	Delta=Ford	13.1600	0.0000	1.000
short-range	11	Cairn	Range=Strait	13.1600	0.0000	1.000
short-range	11	Cairn	Scarp	0.0000	13.1945	0.000
short-range	11	Delta=Ford	Meadow=Spur	13.1052	13.1483	0.499
short-range	11	Delta=Ford	Tor	0.0000	13.1600	0.000
short-range	11	Delta=Ford	Cairn	0.0000	13.1600	0.000
short-range	11	Delta=Ford	Range=Strait	13.1052	13.1544	0.499
short-range	11	Delta=Ford	Scarp	0.0000	13.1945	0.000
short-range	11	Range=Strait	Meadow=Spur	13.1544	13.1483	0.500
short-range	11	Range=Strait	Tor	0.0000	13.1600	0.000
short-range	11	Range=Strait	Cairn	0.0000	13.1600	0.000
short-range	11	Range=Strait	Delta=Ford	13.1544	13.1052	0.501
short-range	11	Range=Strait	Scarp	0.0000	13.1945	0.000
short-range	11	Scarp	Meadow=Spur	13.1945	0.0000	1.000
short-range	11	Scarp	Tor	13.1945	0.0000	1.000
short-range	11	Scarp	Cairn	13.1945	0.0000	1.000
short-range	11	Scarp	Delta=Ford	13.1945	0.0000	1.000
short-range	11	Scarp	Range=Strait	13.1945	0.0000	1.000
long-range	1	Meadow=Spur	Tor	12.0627	13.1600	0.478
long-range	1	Meadow=Spur	Cairn	12.0627	13.1600	0.478
long-range	1	Meadow=Spur	Delta=Ford	13.1483	13.1052	0.501
long-range	1	Meadow=Spur	Range=Strait	13.1483	13.1544	0.500
long-range	1	Meadow=Spur	Scarp	0.0000	13.1945	0.000
long-range	1	Tor	Meadow=Spur	13.1600	12.0426	0.522
long-range	1	Tor	Cairn	11.3000	12.3800	0.477
long-range	1	Tor	Delta=Ford	13.1600	9.8289	0.572
long-range	1	Tor	Range=Strait	13.1600	9.2081	0.588
long-range	1	Tor	Scarp	0.0000	13.1945	0.000
long-range	1	Cairn	Meadow=Spur	13.1600	12.0426	0.522
long-range	1	Cairn	Tor	12.3800	11.3400	0.522
long-range	1	Cairn	Delta=Ford	13.1600	9.8289	0.572
long-range	1	Cairn	Range=Strait	13.1600	9.2081	0.588
long-range	1	Cairn	Scarp	7.3200	13.1945	0.357
long-range	1	Delta=Ford	Meadow=Spur	13.1052	13.1483	0.499
long-range	1	Delta=Ford	Tor	10.2657	13.1600	0.438
long-range	1	Delta=Ford	Cairn	10.2657	13.1600	0.438
long-range	1	Delta=Ford	Range=Strait	13.1052	13.1544	0.499
long-range	1	Delta=Ford	Scarp	1.4197	13.1945	0.097
long-range	1	Range=Strait	Meadow=Spur	13.1544	13.1483	0.500
long-range	1	Range=Strait	Tor	9.2081	13.1600	0.412
long-range	1	Range=Strait	Cairn	9.2081	13.1600	0.412
long-range	1	Range=Strait	Delta=Ford	13.1544	13.1052	0.501
long-range	1	Range=Strait	Scarp	0.0000	13.1945	0.000
long-range	1	Scarp	Meadow=Spur	13.1945	0.0000	1.000
long-range	1	Scarp	Tor	13.1945	0.0000	1.000
long-range	1	Scarp	Cairn	13.1945	7.5400	0.636
long-range	1	Scarp	Delta=Ford	13.1945	2.6210	0.834
long-range	1	Scarp	Range=Strait	13.1945	0.0000	1.000
long-range	7	Meadow=Spur	Tor	12.1230	13.1600	0.479
long-range	7	Meadow=Spur	Cairn	12.1230	13.1600	0.479
long-range	7	Meadow=Spur	Delta=Ford	13.1483	13.1052	0.501
long-range	7	Meadow=Spur	Range=Strait	13.1483	13.1544	0.500
long-range	7	Meadow=Spur	Scarp	0.0000	13.1945	0.000
long-range	7	Tor	Meadow=Spur	13.1600	12.0023	0.523
long-range	7	Tor	Cairn	11.3600	12.4600	0.477
long-range	7	Tor	Delta=Ford	13.1600	9.9381	0.570
long-range	7	Tor	Range=Strait	13.1600	9.2081	0.588
long-range	7	Tor	Scarp	0.0000	13.1945	0.000
long-range	7	Cairn	Meadow=Spur	13.1600	12.0023	0.523
long-range	7	Cairn	Tor	12.3800	11.2000	0.525
long-range	7	Cairn	Delta=Ford	13.1600	9.9381	0.570
long-range	7	Cairn	Range=Strait	13.1600	9.2081	0.588
long-range	7	Cairn	Scarp	7.2400	13.1945	0.354
long-range	7	Delta=Ford	Meadow=Spur	13.1052	13.1483	0.499
long-range	7	Delta=Ford	Tor	9.0644	13.1600	0.408
long-range	7	Delta=Ford	Cairn	9.0644	13.1600	0.408
long-range	7	Delta=Ford	Range=Strait	13.1052	13.1544	0.499
long-range	7	Delta=Ford	Scarp	1.0921	13.1945	0.076
long-range	7	Range=Strait	Meadow=Spur	13.1544	13.1483	0.500
long-range	7	Range=Strait	Tor	10.5235	13.1600	0.444
long-range	7	Range=Strait	Cairn	10.5235	13.1600	0.444
long-range	7	Range=Strait	Delta=Ford	13.1544	13.1052	0.501
long-range	7	Range=Strait	Scarp	0.0000	13.1945	0.000
long-range	7	Scarp	Meadow=Spur	13.1945	0.0000	1.000
long-range	7	Scarp	Tor	13.1945	0.0000	1.000
long-range	7	Scarp	Cairn	13.1945	7.4400	0.639
long-range	7	Scarp	Delta=Ford	13.1945	1.6381	0.890
long-range	7	Scarp	Range=Strait	13.1945	0.0000	1.000
long-range	42	Meadow=Spur	Tor	12.1029	13.1600	0.479
long-range	42	Meadow=Spur	Cairn	12.1029	13.1600	0.479
long-range	42	Meadow=Spur	Delta=Ford	13.1483	13.1052	0.501
long-range	42	Meadow=Spur	Range=Strait	13.1483	13.1544	0.500
long-range	42	Meadow=Spur	Scarp	0.0000	13.1945	0.000
long-range	42	Tor	Meadow=Spur	13.1600	11.9420	0.524
long-range	42	Tor	Cairn	11.3800	12.3200	0.480
long-range	42	Tor	Delta=Ford	13.1600	8.7368	0.601
long-range	42	Tor	Range=Strait	13.1600	10.5235	0.556
long-range	42	Tor	Scarp	0.0000	13.1945	0.000
long-range	42	Cairn	Meadow=Spur	13.1600	11.9420	0.524
long-range	42	Cairn	Tor	12.4800	11.2600	0.526
long-range	42	Cairn	Delta=Ford	13.1600	8.7368	0.601
long-range	42	Cairn	Range=Strait	13.1600	10.5235	0.556
long-range	42	Cairn	Scarp	7.6000	13.1945	0.365
long-range	42	Delta=Ford	Meadow=Spur	13.1052	13.1483	0.499
long-range	42	Delta=Ford	Tor	9.7197	13.1600	0.425
long-range	42	Delta=Ford	Cairn	9.7197	13.1600	0.425
long-range	42	Delta=Ford	Range=Strait	13.1052	13.1544	0.499
long-range	42	Delta=Ford	Scarp	1.7474	13.1945	0.117
long-range	42	Range=Strait	Meadow=Spur	13.1544	13.1483	0.500
long-range	42	Range=Strait	Tor	10.5235	13.1600	0.444
long-range	42	Range=Strait	Cairn	10.5235	13.1600	0.444
long-range	42	Range=Strait	Delta=Ford	13.1544	13.1052	0.501
long-range	42	Range=Strait	Scarp	0.0000	13.1945	0.000
long-range	42	Scarp	Meadow=Spur	13.1945	0.0000	1.000
long-range	42	Scarp	Tor	13.1945	0.0000	1.000
long-range	42	Scarp	Cairn	13.1945	8.1400	0.618
long-range	42	Scarp	Delta=Ford	13.1945	1.7474	0.883
long-range	42	Scarp	Range=Strait	13.1945	0.0000	1.000
long-range	31337	Meadow=Spur	Tor	12.2838	13.1600	0.483
long-range	31337	Meadow=Spur	Cairn	12.2838	13.1600	0.483
long-range	31337	Meadow=Spur	Delta=Ford	13.1483	13.1052	0.501
long-range	31337	Meadow=Spur	Range=Strait	13.1483	13.1544	0.500
long-range	31337	Meadow=Spur	Scarp	0.0000	13.1945	0.000
long-range	31337	Tor	Meadow=Spur	13.1600	12.0627	0.522
long-range	31337	Tor	Cairn	11.6000	12.5200	0.481
long-range	31337	Tor	Delta=Ford	13.1600	9.7197	0.575
long-range	31337	Tor	Range=Strait	13.1600	9.2081	0.588
long-range	31337	Tor	Scarp	0.0000	13.1945	0.000
long-range	31337	Cairn	Meadow=Spur	13.1600	12.0627	0.522
long-range	31337	Cairn	Tor	12.5400	11.3600	0.525
long-range	31337	Cairn	Delta=Ford	13.1600	9.7197	0.575
long-range	31337	Cairn	Range=Strait	13.1600	9.2081	0.588
long-range	31337	Cairn	Scarp	7.8800	13.1945	0.374
long-range	31337	Delta=Ford	Meadow=Spur	13.1052	13.1483	0.499
long-range	31337	Delta=Ford	Tor	9.7197	13.1600	0.425
long-range	31337	Delta=Ford	Cairn	9.7197	13.1600	0.425
long-range	31337	Delta=Ford	Range=Strait	13.1052	13.1544	0.499
long-range	31337	Delta=Ford	Scarp	1.7474	13.1945	0.117
long-range	31337	Range=Strait	Meadow=Spur	13.1544	13.1483	0.500
long-range	31337	Range=Strait	Tor	9.2081	13.1600	0.412
long-range	31337	Range=Strait	Cairn	9.2081	13.1600	0.412
long-range	31337	Range=Strait	Delta=Ford	13.1544	13.1052	0.501
long-range	31337	Range=Strait	Scarp	0.0000	13.1945	0.000
long-range	31337	Scarp	Meadow=Spur	13.1945	0.0000	1.000
long-range	31337	Scarp	Tor	13.1945	0.0000	1.000
long-range	31337	Scarp	Cairn	13.1945	6.5800	0.667
long-range	31337	Scarp	Delta=Ford	13.1945	1.0921	0.924
long-range	31337	Scarp	Range=Strait	13.1945	0.0000	1.000
long-range	2	Meadow=Spur	Tor	12.0627	13.1600	0.478
long-range	2	Meadow=Spur	Cairn	12.0627	13.1600	0.478
long-range	2	Meadow=Spur	Delta=Ford	13.1483	13.1052	0.501
long-range	2	Meadow=Spur	Range=Strait	13.1483	13.1544	0.500
long-range	2	Meadow=Spur	Scarp	0.0201	13.1945	0.002
long-range	2	Tor	Meadow=Spur	13.1600	11.9018	0.525
long-range	2	Tor	Cairn	11.0800	12.2800	0.474
long-range	2	Tor	Delta=Ford	13.1600	10.2657	0.562
long-range	2	Tor	Range=Strait	13.1600	9.2081	0.588
long-range	2	Tor	Scarp	0.0000	13.1945	0.000
long-range	2	Cairn	Meadow=Spur	13.1600	11.9018	0.525
long-range	2	Cairn	Tor	12.4000	11.0800	0.528
long-range	2	Cairn	Delta=Ford	13.1600	10.2657	0.562
long-range	2	Cairn	Range=Strait	13.1600	9.2081	0.588
long-range	2	Cairn	Scarp	7.1800	13.1945	0.352
long-range	2	Delta=Ford	Meadow=Spur	13.1052	13.1483	0.499
long-range	2	Delta=Ford	Tor	10.5934	13.1600	0.446
long-range	2	Delta=Ford	Cairn	10.5934	13.1600	0.446
long-range	2	Delta=Ford	Range=Strait	13.1052	13.1544	0.499
long-range	2	Delta=Ford	Scarp	2.1842	13.1945	0.142
long-range	2	Range=Strait	Meadow=Spur	13.1544	13.1483	0.500
long-range	2	Range=Strait	Tor	10.5235	13.1600	0.444
long-range	2	Range=Strait	Cairn	10.5235	13.1600	0.444
long-range	2	Range=Strait	Delta=Ford	13.1544	13.1052	0.501
long-range	2	Range=Strait	Scarp	0.0000	13.1945	0.000
long-range	2	Scarp	Meadow=Spur	13.1945	0.0000	1.000
long-range	2	Scarp	Tor	13.1945	0.0000	1.000
long-range	2	Scarp	Cairn	13.1945	6.8000	0.660
long-range	2	Scarp	Delta=Ford	13.1945	3.0579	0.812
long-range	2	Scarp	Range=Strait	13.1945	0.0000	1.000
long-range	3	Meadow=Spur	Tor	12.0426	13.1600	0.478
long-range	3	Meadow=Spur	Cairn	12.0426	13.1600	0.478
long-range	3	Meadow=Spur	Delta=Ford	13.1483	13.1052	0.501
long-range	3	Meadow=Spur	Range=Strait	13.1483	13.1544	0.500
long-range	3	Meadow=Spur	Scarp	0.0000	13.1945	0.000
long-range	3	Tor	Meadow=Spur	13.1600	12.1833	0.519
long-range	3	Tor	Cairn	11.2200	12.4800	0.473
long-range	3	Tor	Delta=Ford	13.1600	9.9381	0.570
long-range	3	Tor	Range=Strait	13.1600	9.2081	0.588
long-range	3	Tor	Scarp	0.0000	13.1945	0.000
long-range	3	Cairn	Meadow=Spur	13.1600	12.1833	0.519
long-range	3	Cairn	Tor	12.5000	11.5000	0.521
long-range	3	Cairn	Delta=Ford	13.1600	9.9381	0.570
long-range	3	Cairn	Range=Strait	13.1600	9.2081	0.588
long-range	3	Cairn	Scarp	7.7600	13.1945	0.370
long-range	3	Delta=Ford	Meadow=Spur	13.1052	13.1483	0.499
long-range	3	Delta=Ford	Tor	9.6105	13.1600	0.422
long-range	3	Delta=Ford	Cairn	9.6105	13.1600	0.422
long-range	3	Delta=Ford	Range=Strait	13.1052	13.1544	0.499
long-range	3	Delta=Ford	Scarp	0.6553	13.1945	0.047
long-range	3	Range=Strait	Meadow=Spur	13.1544	13.1483	0.500
long-range	3	Range=Strait	Tor	9.2081	13.1600	0.412
long-range	3	Range=Strait	Cairn	9.2081	13.1600	0.412
long-range	3	Range=Strait	Delta=Ford	13.1544	13.1052	0.501
long-range	3	Range=Strait	Scarp	0.0000	13.1945	0.000
long-range	3	Scarp	Meadow=Spur	13.1945	0.0000	1.000
long-range	3	Scarp	Tor	13.1945	0.0000	1.000
long-range	3	Scarp	Cairn	13.1945	7.1200	0.650
long-range	3	Scarp	Delta=Ford	13.1945	1.6381	0.890
long-range	3	Scarp	Range=Strait	13.1945	0.0000	1.000
long-range	5	Meadow=Spur	Tor	11.9621	13.1600	0.476
long-range	5	Meadow=Spur	Cairn	11.9621	13.1600	0.476
long-range	5	Meadow=Spur	Delta=Ford	13.1483	13.1052	0.501
long-range	5	Meadow=Spur	Range=Strait	13.1483	13.1544	0.500
long-range	5	Meadow=Spur	Scarp	0.0000	13.1945	0.000
long-range	5	Tor	Meadow=Spur	13.1600	12.2838	0.517
long-range	5	Tor	Cairn	11.1000	12.6200	0.468
long-range	5	Tor	Delta=Ford	13.1600	9.7197	0.575
long-range	5	Tor	Range=Strait	13.1600	9.2081	0.588
long-range	5	Tor	Scarp	0.0000	13.1945	0.000
long-range	5	Cairn	Meadow=Spur	13.1600	12.2838	0.517
long-range	5	Cairn	Tor	12.2200	11.5400	0.514
long-range	5	Cairn	Delta=Ford	13.1600	9.7197	0.575
long-range	5	Cairn	Range=Strait	13.1600	9.2081	0.588
long-range	5	Cairn	Scarp	7.4600	13.1945	0.361
long-range	5	Delta=Ford	Meadow=Spur	13.1052	13.1483	0.499
long-range	5	Delta=Ford	Tor	10.2657	13.1600	0.438
long-range	5	Delta=Ford	Cairn	10.2657	13.1600	0.438
long-range	5	Delta=Ford	Range=Strait	13.1052	13.1544	0.499
long-range	5	Delta=Ford	Scarp	2.6210	13.1945	0.166
long-range	5	Range=Strait	Meadow=Spur	13.1544	13.1483	0.500
long-range	5	Range=Strait	Tor	9.2081	13.1600	0.412
long-range	5	Range=Strait	Cairn	9.2081	13.1600	0.412
long-range	5	Range=Strait	Delta=Ford	13.1544	13.1052	0.501
long-range	5	Range=Strait	Scarp	0.0000	13.1945	0.000
long-range	5	Scarp	Meadow=Spur	13.1945	0.0000	1.000
long-range	5	Scarp	Tor	13.1945	0.0000	1.000
long-range	5	Scarp	Cairn	13.1945	6.7200	0.663
long-range	5	Scarp	Delta=Ford	13.1945	1.5289	0.896
long-range	5	Scarp	Range=Strait	13.1945	0.0000	1.000
long-range	11	Meadow=Spur	Tor	12.1632	13.1600	0.480
long-range	11	Meadow=Spur	Cairn	12.1632	13.1600	0.480
long-range	11	Meadow=Spur	Delta=Ford	13.1483	13.1052	0.501
long-range	11	Meadow=Spur	Range=Strait	13.1483	13.1544	0.500
long-range	11	Meadow=Spur	Scarp	0.0000	13.1945	0.000
long-range	11	Tor	Meadow=Spur	13.1600	12.1230	0.521
long-range	11	Tor	Cairn	11.4400	12.5600	0.477
long-range	11	Tor	Delta=Ford	13.1600	10.1565	0.564
long-range	11	Tor	Range=Strait	13.1600	9.2081	0.588
long-range	11	Tor	Scarp	0.0000	13.1945	0.000
long-range	11	Cairn	Meadow=Spur	13.1600	12.1230	0.521
long-range	11	Cairn	Tor	12.5600	11.2600	0.527
long-range	11	Cairn	Delta=Ford	13.1600	10.1565	0.564
long-range	11	Cairn	Range=Strait	13.1600	9.2081	0.588
long-range	11	Cairn	Scarp	7.3600	13.1945	0.358
long-range	11	Delta=Ford	Meadow=Spur	13.1052	13.1483	0.499
long-range	11	Delta=Ford	Tor	10.1565	13.1600	0.436
long-range	11	Delta=Ford	Cairn	10.1565	13.1600	0.436
long-range	11	Delta=Ford	Range=Strait	13.1052	13.1544	0.499
long-range	11	Delta=Ford	Scarp	2.2934	13.1945	0.148
long-range	11	Range=Strait	Meadow=Spur	13.1544	13.1483	0.500
long-range	11	Range=Strait	Tor	10.5235	13.1600	0.444
long-range	11	Range=Strait	Cairn	10.5235	13.1600	0.444
long-range	11	Range=Strait	Delta=Ford	13.1544	13.1052	0.501
long-range	11	Range=Strait	Scarp	0.0000	13.1945	0.000
long-range	11	Scarp	Meadow=Spur	13.1945	0.0000	1.000
long-range	11	Scarp	Tor	13.1945	0.0000	1.000
long-range	11	Scarp	Cairn	13.1945	6.9200	0.656
long-range	11	Scarp	Delta=Ford	13.1945	0.5461	0.960
long-range	11	Scarp	Range=Strait	13.1945	0.0000	1.000
picket	1	Meadow=Spur	Tor	0.0000	4.0000	0.000
picket	1	Meadow=Spur	Cairn	0.0000	4.0000	0.000
picket	1	Meadow=Spur	Delta=Ford	0.0000	0.0000	0.500
picket	1	Meadow=Spur	Range=Strait	0.0000	0.0000	0.500
picket	1	Meadow=Spur	Scarp	0.0000	7.0000	0.000
picket	1	Tor	Meadow=Spur	3.0000	0.0000	1.000
picket	1	Tor	Cairn	3.0000	4.0000	0.429
picket	1	Tor	Delta=Ford	3.0000	0.0000	1.000
picket	1	Tor	Range=Strait	3.0000	0.0000	1.000
picket	1	Tor	Scarp	3.0000	7.0000	0.300
picket	1	Cairn	Meadow=Spur	3.0000	0.0000	1.000
picket	1	Cairn	Tor	3.0000	4.0000	0.429
picket	1	Cairn	Delta=Ford	3.0000	0.0000	1.000
picket	1	Cairn	Range=Strait	3.0000	0.0000	1.000
picket	1	Cairn	Scarp	3.0000	7.0000	0.300
picket	1	Delta=Ford	Meadow=Spur	0.0000	0.0000	0.500
picket	1	Delta=Ford	Tor	0.0000	4.0000	0.000
picket	1	Delta=Ford	Cairn	0.0000	4.0000	0.000
picket	1	Delta=Ford	Range=Strait	0.0000	0.0000	0.500
picket	1	Delta=Ford	Scarp	0.0000	7.0000	0.000
picket	1	Range=Strait	Meadow=Spur	0.0000	0.0000	0.500
picket	1	Range=Strait	Tor	0.0000	4.0000	0.000
picket	1	Range=Strait	Cairn	0.0000	4.0000	0.000
picket	1	Range=Strait	Delta=Ford	0.0000	0.0000	0.500
picket	1	Range=Strait	Scarp	0.0000	7.0000	0.000
picket	1	Scarp	Meadow=Spur	11.0000	0.0000	1.000
picket	1	Scarp	Tor	11.0000	4.0000	0.733
picket	1	Scarp	Cairn	11.0000	4.0000	0.733
picket	1	Scarp	Delta=Ford	11.0000	0.0000	1.000
picket	1	Scarp	Range=Strait	11.0000	0.0000	1.000
picket	7	Meadow=Spur	Tor	0.0000	4.0000	0.000
picket	7	Meadow=Spur	Cairn	0.0000	4.0000	0.000
picket	7	Meadow=Spur	Delta=Ford	0.0000	0.0000	0.500
picket	7	Meadow=Spur	Range=Strait	0.0000	0.0000	0.500
picket	7	Meadow=Spur	Scarp	0.0000	7.0000	0.000
picket	7	Tor	Meadow=Spur	4.0000	0.0000	1.000
picket	7	Tor	Cairn	4.0000	4.0000	0.500
picket	7	Tor	Delta=Ford	4.0000	0.0000	1.000
picket	7	Tor	Range=Strait	4.0000	0.0000	1.000
picket	7	Tor	Scarp	4.0000	7.0000	0.364
picket	7	Cairn	Meadow=Spur	4.0000	0.0000	1.000
picket	7	Cairn	Tor	4.0000	4.0000	0.500
picket	7	Cairn	Delta=Ford	4.0000	0.0000	1.000
picket	7	Cairn	Range=Strait	4.0000	0.0000	1.000
picket	7	Cairn	Scarp	4.0000	7.0000	0.364
picket	7	Delta=Ford	Meadow=Spur	0.0000	0.0000	0.500
picket	7	Delta=Ford	Tor	0.0000	4.0000	0.000
picket	7	Delta=Ford	Cairn	0.0000	4.0000	0.000
picket	7	Delta=Ford	Range=Strait	0.0000	0.0000	0.500
picket	7	Delta=Ford	Scarp	0.0000	7.0000	0.000
picket	7	Range=Strait	Meadow=Spur	0.0000	0.0000	0.500
picket	7	Range=Strait	Tor	0.0000	4.0000	0.000
picket	7	Range=Strait	Cairn	0.0000	4.0000	0.000
picket	7	Range=Strait	Delta=Ford	0.0000	0.0000	0.500
picket	7	Range=Strait	Scarp	0.0000	8.0000	0.000
picket	7	Scarp	Meadow=Spur	7.0000	0.0000	1.000
picket	7	Scarp	Tor	7.0000	4.0000	0.636
picket	7	Scarp	Cairn	7.0000	4.0000	0.636
picket	7	Scarp	Delta=Ford	7.0000	0.0000	1.000
picket	7	Scarp	Range=Strait	7.0000	0.0000	1.000
picket	42	Meadow=Spur	Tor	0.0000	2.0000	0.000
picket	42	Meadow=Spur	Cairn	0.0000	2.0000	0.000
picket	42	Meadow=Spur	Delta=Ford	0.0000	0.0000	0.500
picket	42	Meadow=Spur	Range=Strait	0.0000	0.0000	0.500
picket	42	Meadow=Spur	Scarp	0.0000	12.0000	0.000
picket	42	Tor	Meadow=Spur	3.0000	0.0000	1.000
picket	42	Tor	Cairn	3.0000	2.0000	0.600
picket	42	Tor	Delta=Ford	3.0000	0.0000	1.000
picket	42	Tor	Range=Strait	3.0000	0.0000	1.000
picket	42	Tor	Scarp	3.0000	12.0000	0.200
picket	42	Cairn	Meadow=Spur	3.0000	0.0000	1.000
picket	42	Cairn	Tor	3.0000	2.0000	0.600
picket	42	Cairn	Delta=Ford	3.0000	0.0000	1.000
picket	42	Cairn	Range=Strait	3.0000	0.0000	1.000
picket	42	Cairn	Scarp	3.0000	12.0000	0.200
picket	42	Delta=Ford	Meadow=Spur	0.0000	0.0000	0.500
picket	42	Delta=Ford	Tor	0.0000	2.0000	0.000
picket	42	Delta=Ford	Cairn	0.0000	2.0000	0.000
picket	42	Delta=Ford	Range=Strait	0.0000	0.0000	0.500
picket	42	Delta=Ford	Scarp	0.0000	12.0000	0.000
picket	42	Range=Strait	Meadow=Spur	0.0000	0.0000	0.500
picket	42	Range=Strait	Tor	0.0000	2.0000	0.000
picket	42	Range=Strait	Cairn	0.0000	2.0000	0.000
picket	42	Range=Strait	Delta=Ford	0.0000	0.0000	0.500
picket	42	Range=Strait	Scarp	0.0000	12.0000	0.000
picket	42	Scarp	Meadow=Spur	4.0000	0.0000	1.000
picket	42	Scarp	Tor	4.0000	2.0000	0.667
picket	42	Scarp	Cairn	4.0000	2.0000	0.667
picket	42	Scarp	Delta=Ford	4.0000	0.0000	1.000
picket	42	Scarp	Range=Strait	4.0000	0.0000	1.000
picket	31337	Meadow=Spur	Tor	0.0000	5.0000	0.000
picket	31337	Meadow=Spur	Cairn	0.0000	5.0000	0.000
picket	31337	Meadow=Spur	Delta=Ford	0.0000	0.0000	0.500
picket	31337	Meadow=Spur	Range=Strait	0.0000	0.0000	0.500
picket	31337	Meadow=Spur	Scarp	0.0000	8.0000	0.000
picket	31337	Tor	Meadow=Spur	3.0000	0.0000	1.000
picket	31337	Tor	Cairn	3.0000	5.0000	0.375
picket	31337	Tor	Delta=Ford	3.0000	0.0000	1.000
picket	31337	Tor	Range=Strait	3.0000	0.0000	1.000
picket	31337	Tor	Scarp	3.0000	8.0000	0.273
picket	31337	Cairn	Meadow=Spur	3.0000	0.0000	1.000
picket	31337	Cairn	Tor	3.0000	5.0000	0.375
picket	31337	Cairn	Delta=Ford	3.0000	0.0000	1.000
picket	31337	Cairn	Range=Strait	3.0000	0.0000	1.000
picket	31337	Cairn	Scarp	3.0000	8.0000	0.273
picket	31337	Delta=Ford	Meadow=Spur	0.0000	0.0000	0.500
picket	31337	Delta=Ford	Tor	0.0000	5.0000	0.000
picket	31337	Delta=Ford	Cairn	0.0000	5.0000	0.000
picket	31337	Delta=Ford	Range=Strait	0.0000	0.0000	0.500
picket	31337	Delta=Ford	Scarp	0.0000	8.0000	0.000
picket	31337	Range=Strait	Meadow=Spur	0.0000	0.0000	0.500
picket	31337	Range=Strait	Tor	0.0000	5.0000	0.000
picket	31337	Range=Strait	Cairn	0.0000	5.0000	0.000
picket	31337	Range=Strait	Delta=Ford	0.0000	0.0000	0.500
picket	31337	Range=Strait	Scarp	0.0000	8.0000	0.000
picket	31337	Scarp	Meadow=Spur	11.0000	0.0000	1.000
picket	31337	Scarp	Tor	11.0000	5.0000	0.688
picket	31337	Scarp	Cairn	11.0000	5.0000	0.688
picket	31337	Scarp	Delta=Ford	11.0000	0.0000	1.000
picket	31337	Scarp	Range=Strait	11.0000	0.0000	1.000
picket	2	Meadow=Spur	Tor	0.0000	3.0000	0.000
picket	2	Meadow=Spur	Cairn	0.0000	3.0000	0.000
picket	2	Meadow=Spur	Delta=Ford	0.0000	0.0000	0.500
picket	2	Meadow=Spur	Range=Strait	0.0000	0.0000	0.500
picket	2	Meadow=Spur	Scarp	0.0000	6.0000	0.000
picket	2	Tor	Meadow=Spur	2.0000	0.0000	1.000
picket	2	Tor	Cairn	2.0000	3.0000	0.400
picket	2	Tor	Delta=Ford	2.0000	0.0000	1.000
picket	2	Tor	Range=Strait	2.0000	0.0000	1.000
picket	2	Tor	Scarp	2.0000	6.0000	0.250
picket	2	Cairn	Meadow=Spur	2.0000	0.0000	1.000
picket	2	Cairn	Tor	2.0000	3.0000	0.400
picket	2	Cairn	Delta=Ford	2.0000	0.0000	1.000
picket	2	Cairn	Range=Strait	2.0000	0.0000	1.000
picket	2	Cairn	Scarp	2.0000	6.0000	0.250
picket	2	Delta=Ford	Meadow=Spur	0.0000	0.0000	0.500
picket	2	Delta=Ford	Tor	0.0000	3.0000	0.000
picket	2	Delta=Ford	Cairn	0.0000	3.0000	0.000
picket	2	Delta=Ford	Range=Strait	0.0000	0.0000	0.500
picket	2	Delta=Ford	Scarp	0.0000	6.0000	0.000
picket	2	Range=Strait	Meadow=Spur	0.0000	0.0000	0.500
picket	2	Range=Strait	Tor	0.0000	3.0000	0.000
picket	2	Range=Strait	Cairn	0.0000	3.0000	0.000
picket	2	Range=Strait	Delta=Ford	0.0000	0.0000	0.500
picket	2	Range=Strait	Scarp	0.0000	6.0000	0.000
picket	2	Scarp	Meadow=Spur	7.0000	0.0000	1.000
picket	2	Scarp	Tor	7.0000	3.0000	0.700
picket	2	Scarp	Cairn	7.0000	3.0000	0.700
picket	2	Scarp	Delta=Ford	7.0000	0.0000	1.000
picket	2	Scarp	Range=Strait	7.0000	0.0000	1.000
picket	3	Meadow=Spur	Tor	0.0000	6.0000	0.000
picket	3	Meadow=Spur	Cairn	0.0000	6.0000	0.000
picket	3	Meadow=Spur	Delta=Ford	0.0000	0.0000	0.500
picket	3	Meadow=Spur	Range=Strait	0.0000	0.0000	0.500
picket	3	Meadow=Spur	Scarp	0.0000	7.0000	0.000
picket	3	Tor	Meadow=Spur	8.0000	0.0000	1.000
picket	3	Tor	Cairn	8.0000	6.0000	0.571
picket	3	Tor	Delta=Ford	8.0000	0.0000	1.000
picket	3	Tor	Range=Strait	8.0000	0.0000	1.000
picket	3	Tor	Scarp	8.0000	7.0000	0.533
picket	3	Cairn	Meadow=Spur	8.0000	0.0000	1.000
picket	3	Cairn	Tor	8.0000	6.0000	0.571
picket	3	Cairn	Delta=Ford	8.0000	0.0000	1.000
picket	3	Cairn	Range=Strait	8.0000	0.0000	1.000
picket	3	Cairn	Scarp	8.0000	7.0000	0.533
picket	3	Delta=Ford	Meadow=Spur	0.0000	0.0000	0.500
picket	3	Delta=Ford	Tor	0.0000	6.0000	0.000
picket	3	Delta=Ford	Cairn	0.0000	6.0000	0.000
picket	3	Delta=Ford	Range=Strait	0.0000	0.0000	0.500
picket	3	Delta=Ford	Scarp	0.0000	7.0000	0.000
picket	3	Range=Strait	Meadow=Spur	0.0000	0.0000	0.500
picket	3	Range=Strait	Tor	0.0000	6.0000	0.000
picket	3	Range=Strait	Cairn	0.0000	6.0000	0.000
picket	3	Range=Strait	Delta=Ford	0.0000	0.0000	0.500
picket	3	Range=Strait	Scarp	0.0000	7.0000	0.000
picket	3	Scarp	Meadow=Spur	14.0000	0.0000	1.000
picket	3	Scarp	Tor	14.0000	6.0000	0.700
picket	3	Scarp	Cairn	14.0000	6.0000	0.700
picket	3	Scarp	Delta=Ford	14.0000	0.0000	1.000
picket	3	Scarp	Range=Strait	14.0000	0.0000	1.000
picket	5	Meadow=Spur	Tor	0.0000	2.0000	0.000
picket	5	Meadow=Spur	Cairn	0.0000	2.0000	0.000
picket	5	Meadow=Spur	Delta=Ford	0.0000	0.0000	0.500
picket	5	Meadow=Spur	Range=Strait	0.0000	0.0000	0.500
picket	5	Meadow=Spur	Scarp	0.0000	8.0000	0.000
picket	5	Tor	Meadow=Spur	2.0000	0.0000	1.000
picket	5	Tor	Cairn	2.0000	2.0000	0.500
picket	5	Tor	Delta=Ford	2.0000	0.0000	1.000
picket	5	Tor	Range=Strait	2.0000	0.0000	1.000
picket	5	Tor	Scarp	2.0000	8.0000	0.200
picket	5	Cairn	Meadow=Spur	2.0000	0.0000	1.000
picket	5	Cairn	Tor	2.0000	2.0000	0.500
picket	5	Cairn	Delta=Ford	2.0000	0.0000	1.000
picket	5	Cairn	Range=Strait	2.0000	0.0000	1.000
picket	5	Cairn	Scarp	2.0000	8.0000	0.200
picket	5	Delta=Ford	Meadow=Spur	0.0000	0.0000	0.500
picket	5	Delta=Ford	Tor	0.0000	2.0000	0.000
picket	5	Delta=Ford	Cairn	0.0000	2.0000	0.000
picket	5	Delta=Ford	Range=Strait	0.0000	0.0000	0.500
picket	5	Delta=Ford	Scarp	0.0000	8.0000	0.000
picket	5	Range=Strait	Meadow=Spur	0.0000	0.0000	0.500
picket	5	Range=Strait	Tor	0.0000	2.0000	0.000
picket	5	Range=Strait	Cairn	0.0000	2.0000	0.000
picket	5	Range=Strait	Delta=Ford	0.0000	0.0000	0.500
picket	5	Range=Strait	Scarp	0.0000	8.0000	0.000
picket	5	Scarp	Meadow=Spur	9.0000	0.0000	1.000
picket	5	Scarp	Tor	9.0000	2.0000	0.818
picket	5	Scarp	Cairn	9.0000	2.0000	0.818
picket	5	Scarp	Delta=Ford	9.0000	0.0000	1.000
picket	5	Scarp	Range=Strait	8.0000	0.0000	1.000
picket	11	Meadow=Spur	Tor	0.0000	3.0000	0.000
picket	11	Meadow=Spur	Cairn	0.0000	3.0000	0.000
picket	11	Meadow=Spur	Delta=Ford	0.0000	0.0000	0.500
picket	11	Meadow=Spur	Range=Strait	0.0000	0.0000	0.500
picket	11	Meadow=Spur	Scarp	0.0000	11.0000	0.000
picket	11	Tor	Meadow=Spur	3.0000	0.0000	1.000
picket	11	Tor	Cairn	3.0000	3.0000	0.500
picket	11	Tor	Delta=Ford	3.0000	0.0000	1.000
picket	11	Tor	Range=Strait	3.0000	0.0000	1.000
picket	11	Tor	Scarp	3.0000	11.0000	0.214
picket	11	Cairn	Meadow=Spur	3.0000	0.0000	1.000
picket	11	Cairn	Tor	3.0000	3.0000	0.500
picket	11	Cairn	Delta=Ford	3.0000	0.0000	1.000
picket	11	Cairn	Range=Strait	3.0000	0.0000	1.000
picket	11	Cairn	Scarp	3.0000	11.0000	0.214
picket	11	Delta=Ford	Meadow=Spur	0.0000	0.0000	0.500
picket	11	Delta=Ford	Tor	0.0000	3.0000	0.000
picket	11	Delta=Ford	Cairn	0.0000	3.0000	0.000
picket	11	Delta=Ford	Range=Strait	0.0000	0.0000	0.500
picket	11	Delta=Ford	Scarp	0.0000	11.0000	0.000
picket	11	Range=Strait	Meadow=Spur	0.0000	0.0000	0.500
picket	11	Range=Strait	Tor	0.0000	3.0000	0.000
picket	11	Range=Strait	Cairn	0.0000	3.0000	0.000
picket	11	Range=Strait	Delta=Ford	0.0000	0.0000	0.500
picket	11	Range=Strait	Scarp	0.0000	11.0000	0.000
picket	11	Scarp	Meadow=Spur	3.0000	0.0000	1.000
picket	11	Scarp	Tor	4.0000	3.0000	0.571
picket	11	Scarp	Cairn	4.0000	3.0000	0.571
picket	11	Scarp	Delta=Ford	3.0000	0.0000	1.000
picket	11	Scarp	Range=Strait	4.0000	0.0000	1.000
colonizer	1	Meadow=Spur	Tor	0.0000	0.0000	0.500
colonizer	1	Meadow=Spur	Cairn	0.0000	0.0000	0.500
colonizer	1	Meadow=Spur	Delta=Ford	0.0000	70.0000	0.000
colonizer	1	Meadow=Spur	Range=Strait	0.0000	10.0000	0.000
colonizer	1	Meadow=Spur	Scarp	0.0000	12.0000	0.000
colonizer	1	Tor	Meadow=Spur	0.0000	0.0000	0.500
colonizer	1	Tor	Cairn	0.0000	0.0000	0.500
colonizer	1	Tor	Delta=Ford	0.0000	70.0000	0.000
colonizer	1	Tor	Range=Strait	0.0000	10.0000	0.000
colonizer	1	Tor	Scarp	0.0000	12.0000	0.000
colonizer	1	Cairn	Meadow=Spur	0.0000	0.0000	0.500
colonizer	1	Cairn	Tor	0.0000	0.0000	0.500
colonizer	1	Cairn	Delta=Ford	0.0000	70.0000	0.000
colonizer	1	Cairn	Range=Strait	0.0000	10.0000	0.000
colonizer	1	Cairn	Scarp	0.0000	12.0000	0.000
colonizer	1	Delta=Ford	Meadow=Spur	79.0000	0.0000	1.000
colonizer	1	Delta=Ford	Tor	79.0000	0.0000	1.000
colonizer	1	Delta=Ford	Cairn	79.0000	0.0000	1.000
colonizer	1	Delta=Ford	Range=Strait	79.0000	10.0000	0.888
colonizer	1	Delta=Ford	Scarp	79.0000	12.0000	0.868
colonizer	1	Range=Strait	Meadow=Spur	10.0000	0.0000	1.000
colonizer	1	Range=Strait	Tor	10.0000	0.0000	1.000
colonizer	1	Range=Strait	Cairn	10.0000	0.0000	1.000
colonizer	1	Range=Strait	Delta=Ford	10.0000	70.0000	0.125
colonizer	1	Range=Strait	Scarp	10.0000	12.0000	0.455
colonizer	1	Scarp	Meadow=Spur	12.0000	0.0000	1.000
colonizer	1	Scarp	Tor	12.0000	0.0000	1.000
colonizer	1	Scarp	Cairn	12.0000	0.0000	1.000
colonizer	1	Scarp	Delta=Ford	12.0000	70.0000	0.146
colonizer	1	Scarp	Range=Strait	12.0000	10.0000	0.545
colonizer	7	Meadow=Spur	Tor	0.0000	0.0000	0.500
colonizer	7	Meadow=Spur	Cairn	0.0000	0.0000	0.500
colonizer	7	Meadow=Spur	Delta=Ford	0.0000	70.0000	0.000
colonizer	7	Meadow=Spur	Range=Strait	0.0000	10.0000	0.000
colonizer	7	Meadow=Spur	Scarp	0.0000	12.0000	0.000
colonizer	7	Tor	Meadow=Spur	0.0000	0.0000	0.500
colonizer	7	Tor	Cairn	0.0000	0.0000	0.500
colonizer	7	Tor	Delta=Ford	0.0000	70.0000	0.000
colonizer	7	Tor	Range=Strait	0.0000	10.0000	0.000
colonizer	7	Tor	Scarp	0.0000	12.0000	0.000
colonizer	7	Cairn	Meadow=Spur	0.0000	0.0000	0.500
colonizer	7	Cairn	Tor	0.0000	0.0000	0.500
colonizer	7	Cairn	Delta=Ford	0.0000	70.0000	0.000
colonizer	7	Cairn	Range=Strait	0.0000	10.0000	0.000
colonizer	7	Cairn	Scarp	0.0000	12.0000	0.000
colonizer	7	Delta=Ford	Meadow=Spur	78.0000	0.0000	1.000
colonizer	7	Delta=Ford	Tor	78.0000	0.0000	1.000
colonizer	7	Delta=Ford	Cairn	78.0000	0.0000	1.000
colonizer	7	Delta=Ford	Range=Strait	78.0000	10.0000	0.886
colonizer	7	Delta=Ford	Scarp	78.0000	12.0000	0.867
colonizer	7	Range=Strait	Meadow=Spur	10.0000	0.0000	1.000
colonizer	7	Range=Strait	Tor	10.0000	0.0000	1.000
colonizer	7	Range=Strait	Cairn	10.0000	0.0000	1.000
colonizer	7	Range=Strait	Delta=Ford	10.0000	70.0000	0.125
colonizer	7	Range=Strait	Scarp	10.0000	12.0000	0.455
colonizer	7	Scarp	Meadow=Spur	12.0000	0.0000	1.000
colonizer	7	Scarp	Tor	12.0000	0.0000	1.000
colonizer	7	Scarp	Cairn	12.0000	0.0000	1.000
colonizer	7	Scarp	Delta=Ford	12.0000	70.0000	0.146
colonizer	7	Scarp	Range=Strait	12.0000	10.0000	0.545
colonizer	42	Meadow=Spur	Tor	0.0000	0.0000	0.500
colonizer	42	Meadow=Spur	Cairn	0.0000	0.0000	0.500
colonizer	42	Meadow=Spur	Delta=Ford	0.0000	78.0000	0.000
colonizer	42	Meadow=Spur	Range=Strait	0.0000	10.0000	0.000
colonizer	42	Meadow=Spur	Scarp	0.0000	12.0000	0.000
colonizer	42	Tor	Meadow=Spur	0.0000	0.0000	0.500
colonizer	42	Tor	Cairn	0.0000	0.0000	0.500
colonizer	42	Tor	Delta=Ford	0.0000	78.0000	0.000
colonizer	42	Tor	Range=Strait	0.0000	10.0000	0.000
colonizer	42	Tor	Scarp	0.0000	12.0000	0.000
colonizer	42	Cairn	Meadow=Spur	0.0000	0.0000	0.500
colonizer	42	Cairn	Tor	0.0000	0.0000	0.500
colonizer	42	Cairn	Delta=Ford	0.0000	78.0000	0.000
colonizer	42	Cairn	Range=Strait	0.0000	10.0000	0.000
colonizer	42	Cairn	Scarp	0.0000	12.0000	0.000
colonizer	42	Delta=Ford	Meadow=Spur	78.0000	0.0000	1.000
colonizer	42	Delta=Ford	Tor	78.0000	0.0000	1.000
colonizer	42	Delta=Ford	Cairn	78.0000	0.0000	1.000
colonizer	42	Delta=Ford	Range=Strait	78.0000	10.0000	0.886
colonizer	42	Delta=Ford	Scarp	78.0000	12.0000	0.867
colonizer	42	Range=Strait	Meadow=Spur	10.0000	0.0000	1.000
colonizer	42	Range=Strait	Tor	10.0000	0.0000	1.000
colonizer	42	Range=Strait	Cairn	10.0000	0.0000	1.000
colonizer	42	Range=Strait	Delta=Ford	10.0000	78.0000	0.114
colonizer	42	Range=Strait	Scarp	10.0000	12.0000	0.455
colonizer	42	Scarp	Meadow=Spur	12.0000	0.0000	1.000
colonizer	42	Scarp	Tor	12.0000	0.0000	1.000
colonizer	42	Scarp	Cairn	12.0000	0.0000	1.000
colonizer	42	Scarp	Delta=Ford	12.0000	78.0000	0.133
colonizer	42	Scarp	Range=Strait	12.0000	10.0000	0.545
colonizer	31337	Meadow=Spur	Tor	0.0000	0.0000	0.500
colonizer	31337	Meadow=Spur	Cairn	0.0000	0.0000	0.500
colonizer	31337	Meadow=Spur	Delta=Ford	0.0000	78.0000	0.000
colonizer	31337	Meadow=Spur	Range=Strait	0.0000	10.0000	0.000
colonizer	31337	Meadow=Spur	Scarp	0.0000	12.0000	0.000
colonizer	31337	Tor	Meadow=Spur	0.0000	0.0000	0.500
colonizer	31337	Tor	Cairn	0.0000	0.0000	0.500
colonizer	31337	Tor	Delta=Ford	0.0000	78.0000	0.000
colonizer	31337	Tor	Range=Strait	0.0000	10.0000	0.000
colonizer	31337	Tor	Scarp	0.0000	12.0000	0.000
colonizer	31337	Cairn	Meadow=Spur	0.0000	0.0000	0.500
colonizer	31337	Cairn	Tor	0.0000	0.0000	0.500
colonizer	31337	Cairn	Delta=Ford	0.0000	78.0000	0.000
colonizer	31337	Cairn	Range=Strait	0.0000	10.0000	0.000
colonizer	31337	Cairn	Scarp	0.0000	12.0000	0.000
colonizer	31337	Delta=Ford	Meadow=Spur	79.0000	0.0000	1.000
colonizer	31337	Delta=Ford	Tor	79.0000	0.0000	1.000
colonizer	31337	Delta=Ford	Cairn	79.0000	0.0000	1.000
colonizer	31337	Delta=Ford	Range=Strait	79.0000	10.0000	0.888
colonizer	31337	Delta=Ford	Scarp	79.0000	12.0000	0.868
colonizer	31337	Range=Strait	Meadow=Spur	10.0000	0.0000	1.000
colonizer	31337	Range=Strait	Tor	10.0000	0.0000	1.000
colonizer	31337	Range=Strait	Cairn	10.0000	0.0000	1.000
colonizer	31337	Range=Strait	Delta=Ford	10.0000	78.0000	0.114
colonizer	31337	Range=Strait	Scarp	10.0000	12.0000	0.455
colonizer	31337	Scarp	Meadow=Spur	12.0000	0.0000	1.000
colonizer	31337	Scarp	Tor	12.0000	0.0000	1.000
colonizer	31337	Scarp	Cairn	12.0000	0.0000	1.000
colonizer	31337	Scarp	Delta=Ford	12.0000	78.0000	0.133
colonizer	31337	Scarp	Range=Strait	12.0000	10.0000	0.545
colonizer	2	Meadow=Spur	Tor	0.0000	0.0000	0.500
colonizer	2	Meadow=Spur	Cairn	0.0000	0.0000	0.500
colonizer	2	Meadow=Spur	Delta=Ford	0.0000	78.0000	0.000
colonizer	2	Meadow=Spur	Range=Strait	0.0000	10.0000	0.000
colonizer	2	Meadow=Spur	Scarp	0.0000	12.0000	0.000
colonizer	2	Tor	Meadow=Spur	0.0000	0.0000	0.500
colonizer	2	Tor	Cairn	0.0000	0.0000	0.500
colonizer	2	Tor	Delta=Ford	0.0000	78.0000	0.000
colonizer	2	Tor	Range=Strait	0.0000	10.0000	0.000
colonizer	2	Tor	Scarp	0.0000	12.0000	0.000
colonizer	2	Cairn	Meadow=Spur	0.0000	0.0000	0.500
colonizer	2	Cairn	Tor	0.0000	0.0000	0.500
colonizer	2	Cairn	Delta=Ford	0.0000	78.0000	0.000
colonizer	2	Cairn	Range=Strait	0.0000	10.0000	0.000
colonizer	2	Cairn	Scarp	0.0000	12.0000	0.000
colonizer	2	Delta=Ford	Meadow=Spur	79.0000	0.0000	1.000
colonizer	2	Delta=Ford	Tor	79.0000	0.0000	1.000
colonizer	2	Delta=Ford	Cairn	79.0000	0.0000	1.000
colonizer	2	Delta=Ford	Range=Strait	79.0000	10.0000	0.888
colonizer	2	Delta=Ford	Scarp	79.0000	12.0000	0.868
colonizer	2	Range=Strait	Meadow=Spur	10.0000	0.0000	1.000
colonizer	2	Range=Strait	Tor	10.0000	0.0000	1.000
colonizer	2	Range=Strait	Cairn	10.0000	0.0000	1.000
colonizer	2	Range=Strait	Delta=Ford	10.0000	78.0000	0.114
colonizer	2	Range=Strait	Scarp	10.0000	12.0000	0.455
colonizer	2	Scarp	Meadow=Spur	12.0000	0.0000	1.000
colonizer	2	Scarp	Tor	12.0000	0.0000	1.000
colonizer	2	Scarp	Cairn	12.0000	0.0000	1.000
colonizer	2	Scarp	Delta=Ford	12.0000	78.0000	0.133
colonizer	2	Scarp	Range=Strait	12.0000	10.0000	0.545
colonizer	3	Meadow=Spur	Tor	0.0000	0.0000	0.500
colonizer	3	Meadow=Spur	Cairn	0.0000	0.0000	0.500
colonizer	3	Meadow=Spur	Delta=Ford	0.0000	78.0000	0.000
colonizer	3	Meadow=Spur	Range=Strait	0.0000	10.0000	0.000
colonizer	3	Meadow=Spur	Scarp	0.0000	12.0000	0.000
colonizer	3	Tor	Meadow=Spur	0.0000	0.0000	0.500
colonizer	3	Tor	Cairn	0.0000	0.0000	0.500
colonizer	3	Tor	Delta=Ford	0.0000	78.0000	0.000
colonizer	3	Tor	Range=Strait	0.0000	10.0000	0.000
colonizer	3	Tor	Scarp	0.0000	12.0000	0.000
colonizer	3	Cairn	Meadow=Spur	0.0000	0.0000	0.500
colonizer	3	Cairn	Tor	0.0000	0.0000	0.500
colonizer	3	Cairn	Delta=Ford	0.0000	78.0000	0.000
colonizer	3	Cairn	Range=Strait	0.0000	10.0000	0.000
colonizer	3	Cairn	Scarp	0.0000	12.0000	0.000
colonizer	3	Delta=Ford	Meadow=Spur	79.0000	0.0000	1.000
colonizer	3	Delta=Ford	Tor	79.0000	0.0000	1.000
colonizer	3	Delta=Ford	Cairn	79.0000	0.0000	1.000
colonizer	3	Delta=Ford	Range=Strait	79.0000	10.0000	0.888
colonizer	3	Delta=Ford	Scarp	79.0000	12.0000	0.868
colonizer	3	Range=Strait	Meadow=Spur	10.0000	0.0000	1.000
colonizer	3	Range=Strait	Tor	10.0000	0.0000	1.000
colonizer	3	Range=Strait	Cairn	10.0000	0.0000	1.000
colonizer	3	Range=Strait	Delta=Ford	10.0000	78.0000	0.114
colonizer	3	Range=Strait	Scarp	10.0000	12.0000	0.455
colonizer	3	Scarp	Meadow=Spur	12.0000	0.0000	1.000
colonizer	3	Scarp	Tor	12.0000	0.0000	1.000
colonizer	3	Scarp	Cairn	12.0000	0.0000	1.000
colonizer	3	Scarp	Delta=Ford	12.0000	78.0000	0.133
colonizer	3	Scarp	Range=Strait	12.0000	10.0000	0.545
colonizer	5	Meadow=Spur	Tor	0.0000	0.0000	0.500
colonizer	5	Meadow=Spur	Cairn	0.0000	0.0000	0.500
colonizer	5	Meadow=Spur	Delta=Ford	0.0000	78.0000	0.000
colonizer	5	Meadow=Spur	Range=Strait	0.0000	10.0000	0.000
colonizer	5	Meadow=Spur	Scarp	0.0000	12.0000	0.000
colonizer	5	Tor	Meadow=Spur	0.0000	0.0000	0.500
colonizer	5	Tor	Cairn	0.0000	0.0000	0.500
colonizer	5	Tor	Delta=Ford	0.0000	78.0000	0.000
colonizer	5	Tor	Range=Strait	0.0000	10.0000	0.000
colonizer	5	Tor	Scarp	0.0000	12.0000	0.000
colonizer	5	Cairn	Meadow=Spur	0.0000	0.0000	0.500
colonizer	5	Cairn	Tor	0.0000	0.0000	0.500
colonizer	5	Cairn	Delta=Ford	0.0000	78.0000	0.000
colonizer	5	Cairn	Range=Strait	0.0000	10.0000	0.000
colonizer	5	Cairn	Scarp	0.0000	12.0000	0.000
colonizer	5	Delta=Ford	Meadow=Spur	76.0000	0.0000	1.000
colonizer	5	Delta=Ford	Tor	76.0000	0.0000	1.000
colonizer	5	Delta=Ford	Cairn	76.0000	0.0000	1.000
colonizer	5	Delta=Ford	Range=Strait	76.0000	10.0000	0.884
colonizer	5	Delta=Ford	Scarp	76.0000	12.0000	0.864
colonizer	5	Range=Strait	Meadow=Spur	10.0000	0.0000	1.000
colonizer	5	Range=Strait	Tor	10.0000	0.0000	1.000
colonizer	5	Range=Strait	Cairn	10.0000	0.0000	1.000
colonizer	5	Range=Strait	Delta=Ford	10.0000	78.0000	0.114
colonizer	5	Range=Strait	Scarp	10.0000	12.0000	0.455
colonizer	5	Scarp	Meadow=Spur	12.0000	0.0000	1.000
colonizer	5	Scarp	Tor	12.0000	0.0000	1.000
colonizer	5	Scarp	Cairn	12.0000	0.0000	1.000
colonizer	5	Scarp	Delta=Ford	12.0000	78.0000	0.133
colonizer	5	Scarp	Range=Strait	12.0000	10.0000	0.545
colonizer	11	Meadow=Spur	Tor	0.0000	0.0000	0.500
colonizer	11	Meadow=Spur	Cairn	0.0000	0.0000	0.500
colonizer	11	Meadow=Spur	Delta=Ford	0.0000	78.0000	0.000
colonizer	11	Meadow=Spur	Range=Strait	0.0000	10.0000	0.000
colonizer	11	Meadow=Spur	Scarp	0.0000	12.0000	0.000
colonizer	11	Tor	Meadow=Spur	0.0000	0.0000	0.500
colonizer	11	Tor	Cairn	0.0000	0.0000	0.500
colonizer	11	Tor	Delta=Ford	0.0000	78.0000	0.000
colonizer	11	Tor	Range=Strait	0.0000	10.0000	0.000
colonizer	11	Tor	Scarp	0.0000	12.0000	0.000
colonizer	11	Cairn	Meadow=Spur	0.0000	0.0000	0.500
colonizer	11	Cairn	Tor	0.0000	0.0000	0.500
colonizer	11	Cairn	Delta=Ford	0.0000	78.0000	0.000
colonizer	11	Cairn	Range=Strait	0.0000	10.0000	0.000
colonizer	11	Cairn	Scarp	0.0000	12.0000	0.000
colonizer	11	Delta=Ford	Meadow=Spur	78.0000	0.0000	1.000
colonizer	11	Delta=Ford	Tor	78.0000	0.0000	1.000
colonizer	11	Delta=Ford	Cairn	78.0000	0.0000	1.000
colonizer	11	Delta=Ford	Range=Strait	78.0000	10.0000	0.886
colonizer	11	Delta=Ford	Scarp	78.0000	12.0000	0.867
colonizer	11	Range=Strait	Meadow=Spur	10.0000	0.0000	1.000
colonizer	11	Range=Strait	Tor	10.0000	0.0000	1.000
colonizer	11	Range=Strait	Cairn	10.0000	0.0000	1.000
colonizer	11	Range=Strait	Delta=Ford	10.0000	78.0000	0.114
colonizer	11	Range=Strait	Scarp	10.0000	12.0000	0.455
colonizer	11	Scarp	Meadow=Spur	12.0000	0.0000	1.000
colonizer	11	Scarp	Tor	12.0000	0.0000	1.000
colonizer	11	Scarp	Cairn	12.0000	0.0000	1.000
colonizer	11	Scarp	Delta=Ford	12.0000	78.0000	0.133
colonizer	11	Scarp	Range=Strait	12.0000	10.0000	0.545
miner	1	Meadow=Spur	Tor	103439.1027	221466.9917	0.318
miner	1	Meadow=Spur	Cairn	103439.1027	221466.9917	0.318
miner	1	Meadow=Spur	Delta=Ford	103439.1027	111616.2805	0.481
miner	1	Meadow=Spur	Range=Strait	103439.1027	9617.2514	0.915
miner	1	Meadow=Spur	Scarp	103439.1027	9832.7747	0.913
miner	1	Tor	Meadow=Spur	103494.3904	221410.5258	0.319
miner	1	Tor	Cairn	103494.3904	221466.9917	0.318
miner	1	Tor	Delta=Ford	103494.3904	111616.2805	0.481
miner	1	Tor	Range=Strait	103494.3904	9617.2514	0.915
miner	1	Tor	Scarp	103494.3904	9832.7747	0.913
miner	1	Cairn	Meadow=Spur	103494.3904	221410.5258	0.319
miner	1	Cairn	Tor	103494.3904	221466.9917	0.318
miner	1	Cairn	Delta=Ford	103494.3904	111616.2805	0.481
miner	1	Cairn	Range=Strait	103494.3904	9617.2514	0.915
miner	1	Cairn	Scarp	103494.3904	9832.7747	0.913
miner	1	Delta=Ford	Meadow=Spur	44102.9927	221410.5258	0.166
miner	1	Delta=Ford	Tor	44102.9927	221466.9917	0.166
miner	1	Delta=Ford	Cairn	44102.9927	221466.9917	0.166
miner	1	Delta=Ford	Range=Strait	44102.9927	9617.2514	0.821
miner	1	Delta=Ford	Scarp	44102.9927	9832.7747	0.818
miner	1	Range=Strait	Meadow=Spur	361.7466	221410.5258	0.002
miner	1	Range=Strait	Tor	361.7466	221466.9917	0.002
miner	1	Range=Strait	Cairn	361.7466	221466.9917	0.002
miner	1	Range=Strait	Delta=Ford	361.7466	111616.2805	0.003
miner	1	Range=Strait	Scarp	361.7466	9832.7747	0.035
miner	1	Scarp	Meadow=Spur	414.6192	221410.5258	0.002
miner	1	Scarp	Tor	414.6192	221466.9917	0.002
miner	1	Scarp	Cairn	414.6192	221466.9917	0.002
miner	1	Scarp	Delta=Ford	414.6192	111616.2805	0.004
miner	1	Scarp	Range=Strait	414.6192	9617.2514	0.041
miner	7	Meadow=Spur	Tor	134904.1647	25609.0871	0.840
miner	7	Meadow=Spur	Cairn	134904.1647	25609.0871	0.840
miner	7	Meadow=Spur	Delta=Ford	134904.1647	12544.7755	0.915
miner	7	Meadow=Spur	Range=Strait	134904.1647	867.3947	0.994
miner	7	Meadow=Spur	Scarp	134904.1647	884.6263	0.993
miner	7	Tor	Meadow=Spur	135045.5951	25981.8405	0.839
miner	7	Tor	Cairn	135045.5951	25609.0871	0.841
miner	7	Tor	Delta=Ford	135045.5951	12544.7755	0.915
miner	7	Tor	Range=Strait	135045.5951	867.3947	0.994
miner	7	Tor	Scarp	135045.5951	884.6263	0.993
miner	7	Cairn	Meadow=Spur	135045.5951	25981.8405	0.839
miner	7	Cairn	Tor	135045.5951	25609.0871	0.841
miner	7	Cairn	Delta=Ford	135045.5951	12544.7755	0.915
miner	7	Cairn	Range=Strait	135045.5951	867.3947	0.994
miner	7	Cairn	Scarp	135045.5951	884.6263	0.993
miner	7	Delta=Ford	Meadow=Spur	60569.0173	25981.8405	0.700
miner	7	Delta=Ford	Tor	60569.0173	25609.0871	0.703
miner	7	Delta=Ford	Cairn	60569.0173	25609.0871	0.703
miner	7	Delta=Ford	Range=Strait	60569.0173	867.3947	0.986
miner	7	Delta=Ford	Scarp	60569.0173	884.6263	0.986
miner	7	Range=Strait	Meadow=Spur	10623.0274	25981.8405	0.290
miner	7	Range=Strait	Tor	10623.0274	25609.0871	0.293
miner	7	Range=Strait	Cairn	10623.0274	25609.0871	0.293
miner	7	Range=Strait	Delta=Ford	10623.0274	12544.7755	0.459
miner	7	Range=Strait	Scarp	10623.0274	884.6263	0.923
miner	7	Scarp	Meadow=Spur	11013.2039	25981.8405	0.298
miner	7	Scarp	Tor	11013.2039	25609.0871	0.301
miner	7	Scarp	Cairn	11013.2039	25609.0871	0.301
miner	7	Scarp	Delta=Ford	11013.2039	12544.7755	0.467
miner	7	Scarp	Range=Strait	11013.2039	867.3947	0.927
miner	42	Meadow=Spur	Tor	79798.7768	76039.8398	0.512
miner	42	Meadow=Spur	Cairn	79798.7768	76039.8398	0.512
miner	42	Meadow=Spur	Delta=Ford	79798.7768	29538.4592	0.730
miner	42	Meadow=Spur	Range=Strait	79798.7768	4496.7708	0.947
miner	42	Meadow=Spur	Scarp	79798.7768	4630.8702	0.945
miner	42	Tor	Meadow=Spur	79865.5306	76047.2357	0.512
miner	42	Tor	Cairn	79865.5306	76039.8398	0.512
miner	42	Tor	Delta=Ford	79865.5306	29538.4592	0.730
miner	42	Tor	Range=Strait	79865.5306	4496.7708	0.947
miner	42	Tor	Scarp	79865.5306	4630.8702	0.945
miner	42	Cairn	Meadow=Spur	79865.5306	76047.2357	0.512
miner	42	Cairn	Tor	79865.5306	76039.8398	0.512
miner	42	Cairn	Delta=Ford	79865.5306	29538.4592	0.730
miner	42	Cairn	Range=Strait	79865.5306	4496.7708	0.947
miner	42	Cairn	Scarp	79865.5306	4630.8702	0.945
miner	42	Delta=Ford	Meadow=Spur	39895.4340	76047.2357	0.344
miner	42	Delta=Ford	Tor	39895.4340	76039.8398	0.344
miner	42	Delta=Ford	Cairn	39895.4340	76039.8398	0.344
miner	42	Delta=Ford	Range=Strait	39895.4340	4496.7708	0.899
miner	42	Delta=Ford	Scarp	39895.4340	4630.8702	0.896
miner	42	Range=Strait	Meadow=Spur	3208.7644	76047.2357	0.040
miner	42	Range=Strait	Tor	3208.7644	76039.8398	0.040
miner	42	Range=Strait	Cairn	3208.7644	76039.8398	0.040
miner	42	Range=Strait	Delta=Ford	3208.7644	29538.4592	0.098
miner	42	Range=Strait	Scarp	3208.7644	4630.8702	0.409
miner	42	Scarp	Meadow=Spur	3305.5535	76047.2357	0.042
miner	42	Scarp	Tor	3305.5535	76039.8398	0.042
miner	42	Scarp	Cairn	3305.5535	76039.8398	0.042
miner	42	Scarp	Delta=Ford	3305.5535	29538.4592	0.101
miner	42	Scarp	Range=Strait	3305.5535	4496.7708	0.424
miner	31337	Meadow=Spur	Tor	63504.7815	166717.3479	0.276
miner	31337	Meadow=Spur	Cairn	63504.7815	166717.3479	0.276
miner	31337	Meadow=Spur	Delta=Ford	63504.7815	78758.5061	0.446
miner	31337	Meadow=Spur	Range=Strait	63504.7815	1909.4241	0.971
miner	31337	Meadow=Spur	Scarp	63504.7815	1958.9953	0.970
miner	31337	Tor	Meadow=Spur	63520.1376	166695.7327	0.276
miner	31337	Tor	Cairn	63520.1376	166717.3479	0.276
miner	31337	Tor	Delta=Ford	63520.1376	78758.5061	0.446
miner	31337	Tor	Range=Strait	63520.1376	1909.4241	0.971
miner	31337	Tor	Scarp	63520.1376	1958.9953	0.970
miner	31337	Cairn	Meadow=Spur	63520.1376	166695.7327	0.276
miner	31337	Cairn	Tor	63520.1376	166717.3479	0.276
miner	31337	Cairn	Delta=Ford	63520.1376	78758.5061	0.446
miner	31337	Cairn	Range=Strait	63520.1376	1909.4241	0.971
miner	31337	Cairn	Scarp	63520.1376	1958.9953	0.970
miner	31337	Delta=Ford	Meadow=Spur	28354.1288	166695.7327	0.145
miner	31337	Delta=Ford	Tor	28354.1288	166717.3479	0.145
miner	31337	Delta=Ford	Cairn	28354.1288	166717.3479	0.145
miner	31337	Delta=Ford	Range=Strait	28354.1288	1909.4241	0.937
miner	31337	Delta=Ford	Scarp	28354.1288	1958.9953	0.935
miner	31337	Range=Strait	Meadow=Spur	1531.1901	166695.7327	0.009
miner	31337	Range=Strait	Tor	1531.1901	166717.3479	0.009
miner	31337	Range=Strait	Cairn	1531.1901	166717.3479	0.009
miner	31337	Range=Strait	Delta=Ford	1531.1901	78758.5061	0.019
miner	31337	Range=Strait	Scarp	1531.1901	1958.9953	0.439
miner	31337	Scarp	Meadow=Spur	2487.1086	166695.7327	0.015
miner	31337	Scarp	Tor	2487.1086	166717.3479	0.015
miner	31337	Scarp	Cairn	2487.1086	166717.3479	0.015
miner	31337	Scarp	Delta=Ford	2487.1086	78758.5061	0.031
miner	31337	Scarp	Range=Strait	2487.1086	1909.4241	0.566
miner	2	Meadow=Spur	Tor	98694.6706	48657.4293	0.670
miner	2	Meadow=Spur	Cairn	98694.6706	48657.4293	0.670
miner	2	Meadow=Spur	Delta=Ford	98694.6706	23459.7203	0.808
miner	2	Meadow=Spur	Range=Strait	98694.6706	2507.1512	0.975
miner	2	Meadow=Spur	Scarp	98694.6706	3668.3885	0.964
miner	2	Tor	Meadow=Spur	99099.4497	48706.2105	0.670
miner	2	Tor	Cairn	99099.4497	48657.4293	0.671
miner	2	Tor	Delta=Ford	99099.4497	23459.7203	0.809
miner	2	Tor	Range=Strait	99099.4497	2507.1512	0.975
miner	2	Tor	Scarp	99099.4497	3668.3885	0.964
miner	2	Cairn	Meadow=Spur	99099.4497	48706.2105	0.670
miner	2	Cairn	Tor	99099.4497	48657.4293	0.671
miner	2	Cairn	Delta=Ford	99099.4497	23459.7203	0.809
miner	2	Cairn	Range=Strait	99099.4497	2507.1512	0.975
miner	2	Cairn	Scarp	99099.4497	3668.3885	0.964
miner	2	Delta=Ford	Meadow=Spur	49470.1706	48706.2105	0.504
miner	2	Delta=Ford	Tor	49470.1706	48657.4293	0.504
miner	2	Delta=Ford	Cairn	49470.1706	48657.4293	0.504
miner	2	Delta=Ford	Range=Strait	49470.1706	2507.1512	0.952
miner	2	Delta=Ford	Scarp	49470.1706	3668.3885	0.931
miner	2	Range=Strait	Meadow=Spur	27400.9805	48706.2105	0.360
miner	2	Range=Strait	Tor	27400.9805	48657.4293	0.360
miner	2	Range=Strait	Cairn	27400.9805	48657.4293	0.360
miner	2	Range=Strait	Delta=Ford	27400.9805	23459.7203	0.539
miner	2	Range=Strait	Scarp	27400.9805	3668.3885	0.882
miner	2	Scarp	Meadow=Spur	27462.0653	48706.2105	0.361
miner	2	Scarp	Tor	27462.0653	48657.4293	0.361
miner	2	Scarp	Cairn	27462.0653	48657.4293	0.361
miner	2	Scarp	Delta=Ford	27462.0653	23459.7203	0.539
miner	2	Scarp	Range=Strait	27462.0653	2507.1512	0.916
miner	3	Meadow=Spur	Tor	33325.3267	122550.2980	0.214
miner	3	Meadow=Spur	Cairn	33325.3267	122550.2980	0.214
miner	3	Meadow=Spur	Delta=Ford	33325.3267	60512.9153	0.355
miner	3	Meadow=Spur	Range=Strait	33325.3267	21308.5834	0.610
miner	3	Meadow=Spur	Scarp	33325.3267	21596.8826	0.607
miner	3	Tor	Meadow=Spur	33056.0850	122563.9010	0.212
miner	3	Tor	Cairn	33056.0850	122550.2980	0.212
miner	3	Tor	Delta=Ford	33056.0850	60512.9153	0.353
miner	3	Tor	Range=Strait	33056.0850	21308.5834	0.608
miner	3	Tor	Scarp	33056.0850	21596.8826	0.605
miner	3	Cairn	Meadow=Spur	33056.0850	122563.9010	0.212
miner	3	Cairn	Tor	33056.0850	122550.2980	0.212
miner	3	Cairn	Delta=Ford	33056.0850	60512.9153	0.353
miner	3	Cairn	Range=Strait	33056.0850	21308.5834	0.608
miner	3	Cairn	Scarp	33056.0850	21596.8826	0.605
miner	3	Delta=Ford	Meadow=Spur	15010.5641	122563.9010	0.109
miner	3	Delta=Ford	Tor	15010.5641	122550.2980	0.109
miner	3	Delta=Ford	Cairn	15010.5641	122550.2980	0.109
miner	3	Delta=Ford	Range=Strait	15010.5641	21308.5834	0.413
miner	3	Delta=Ford	Scarp	15010.5641	21596.8826	0.410
miner	3	Range=Strait	Meadow=Spur	848.8606	122563.9010	0.007
miner	3	Range=Strait	Tor	848.8606	122550.2980	0.007
miner	3	Range=Strait	Cairn	848.8606	122550.2980	0.007
miner	3	Range=Strait	Delta=Ford	848.8606	60512.9153	0.014
miner	3	Range=Strait	Scarp	848.8606	21596.8826	0.038
miner	3	Scarp	Meadow=Spur	782.8647	122563.9010	0.006
miner	3	Scarp	Tor	782.8647	122550.2980	0.006
miner	3	Scarp	Cairn	782.8647	122550.2980	0.006
miner	3	Scarp	Delta=Ford	782.8647	60512.9153	0.013
miner	3	Scarp	Range=Strait	782.8647	21308.5834	0.035
miner	5	Meadow=Spur	Tor	115578.2919	52144.9174	0.689
miner	5	Meadow=Spur	Cairn	115578.2919	52144.9174	0.689
miner	5	Meadow=Spur	Delta=Ford	115578.2919	26254.2389	0.815
miner	5	Meadow=Spur	Range=Strait	115578.2919	677.6612	0.994
miner	5	Meadow=Spur	Scarp	115578.2919	681.7927	0.994
miner	5	Tor	Meadow=Spur	115690.5537	51791.4584	0.691
miner	5	Tor	Cairn	115690.5537	52144.9174	0.689
miner	5	Tor	Delta=Ford	115690.5537	26254.2389	0.815
miner	5	Tor	Range=Strait	115690.5537	677.6612	0.994
miner	5	Tor	Scarp	115690.5537	681.7927	0.994
miner	5	Cairn	Meadow=Spur	115690.5537	51791.4584	0.691
miner	5	Cairn	Tor	115690.5537	52144.9174	0.689
miner	5	Cairn	Delta=Ford	115690.5537	26254.2389	0.815
miner	5	Cairn	Range=Strait	115690.5537	677.6612	0.994
miner	5	Cairn	Scarp	115690.5537	681.7927	0.994
miner	5	Delta=Ford	Meadow=Spur	58876.3953	51791.4584	0.532
miner	5	Delta=Ford	Tor	58876.3953	52144.9174	0.530
miner	5	Delta=Ford	Cairn	58876.3953	52144.9174	0.530
miner	5	Delta=Ford	Range=Strait	58876.3953	677.6612	0.989
miner	5	Delta=Ford	Scarp	58876.3953	681.7927	0.989
miner	5	Range=Strait	Meadow=Spur	8195.7489	51791.4584	0.137
miner	5	Range=Strait	Tor	8195.7489	52144.9174	0.136
miner	5	Range=Strait	Cairn	8195.7489	52144.9174	0.136
miner	5	Range=Strait	Delta=Ford	8195.7489	26254.2389	0.238
miner	5	Range=Strait	Scarp	8195.7489	681.7927	0.923
miner	5	Scarp	Meadow=Spur	9814.1157	51791.4584	0.159
miner	5	Scarp	Tor	9814.1157	52144.9174	0.158
miner	5	Scarp	Cairn	9814.1157	52144.9174	0.158
miner	5	Scarp	Delta=Ford	9814.1157	26254.2389	0.272
miner	5	Scarp	Range=Strait	9814.1157	677.6612	0.935
miner	11	Meadow=Spur	Tor	340859.9950	2681.4049	0.992
miner	11	Meadow=Spur	Cairn	340859.9950	2681.4049	0.992
miner	11	Meadow=Spur	Delta=Ford	340859.9950	1336.9292	0.996
miner	11	Meadow=Spur	Range=Strait	340859.9950	143.3599	1.000
miner	11	Meadow=Spur	Scarp	340859.9950	160.3849	1.000
miner	11	Tor	Meadow=Spur	341056.2545	2672.4955	0.992
miner	11	Tor	Cairn	341056.2545	2681.4049	0.992
miner	11	Tor	Delta=Ford	341056.2545	1336.9292	0.996
miner	11	Tor	Range=Strait	341056.2545	143.3599	1.000
miner	11	Tor	Scarp	341056.2545	160.3849	1.000
miner	11	Cairn	Meadow=Spur	341056.2545	2672.4955	0.992
miner	11	Cairn	Tor	341056.2545	2681.4049	0.992
miner	11	Cairn	Delta=Ford	341056.2545	1336.9292	0.996
miner	11	Cairn	Range=Strait	341056.2545	143.3599	1.000
miner	11	Cairn	Scarp	341056.2545	160.3849	1.000
miner	11	Delta=Ford	Meadow=Spur	174977.5581	2672.4955	0.985
miner	11	Delta=Ford	Tor	174977.5581	2681.4049	0.985
miner	11	Delta=Ford	Cairn	174977.5581	2681.4049	0.985
miner	11	Delta=Ford	Range=Strait	174977.5581	143.3599	0.999
miner	11	Delta=Ford	Scarp	174977.5581	160.3849	0.999
miner	11	Range=Strait	Meadow=Spur	94927.2872	2672.4955	0.973
miner	11	Range=Strait	Tor	94927.2872	2681.4049	0.973
miner	11	Range=Strait	Cairn	94927.2872	2681.4049	0.973
miner	11	Range=Strait	Delta=Ford	94927.2872	1336.9292	0.986
miner	11	Range=Strait	Scarp	94927.2872	160.3849	0.998
miner	11	Scarp	Meadow=Spur	107579.1126	2672.4955	0.976
miner	11	Scarp	Tor	107579.1126	2681.4049	0.976
miner	11	Scarp	Cairn	107579.1126	2681.4049	0.976
miner	11	Scarp	Delta=Ford	107579.1126	1336.9292	0.988
miner	11	Scarp	Range=Strait	107579.1126	143.3599	0.999
freighter	1	Meadow=Spur	Tor	10.3936	0.0000	1.000
freighter	1	Meadow=Spur	Cairn	10.3936	0.0000	1.000
freighter	1	Meadow=Spur	Delta=Ford	10.3936	140.3858	0.069
freighter	1	Meadow=Spur	Range=Strait	10.3936	245.5314	0.041
freighter	1	Meadow=Spur	Scarp	10.3936	134.7477	0.072
freighter	1	Tor	Meadow=Spur	0.0000	12.3336	0.000
freighter	1	Tor	Cairn	0.0000	0.0000	0.500
freighter	1	Tor	Delta=Ford	0.0000	140.3858	0.000
freighter	1	Tor	Range=Strait	0.0000	245.5314	0.000
freighter	1	Tor	Scarp	0.0000	134.7477	0.000
freighter	1	Cairn	Meadow=Spur	0.0000	12.3336	0.000
freighter	1	Cairn	Tor	0.0000	0.0000	0.500
freighter	1	Cairn	Delta=Ford	0.0000	140.3858	0.000
freighter	1	Cairn	Range=Strait	0.0000	245.5314	0.000
freighter	1	Cairn	Scarp	0.0000	134.7477	0.000
freighter	1	Delta=Ford	Meadow=Spur	128.4506	12.3336	0.912
freighter	1	Delta=Ford	Tor	128.4506	0.0000	1.000
freighter	1	Delta=Ford	Cairn	128.4506	0.0000	1.000
freighter	1	Delta=Ford	Range=Strait	128.4506	245.5314	0.343
freighter	1	Delta=Ford	Scarp	128.4506	134.7477	0.488
freighter	1	Range=Strait	Meadow=Spur	260.7383	12.3336	0.955
freighter	1	Range=Strait	Tor	260.7383	0.0000	1.000
freighter	1	Range=Strait	Cairn	260.7383	0.0000	1.000
freighter	1	Range=Strait	Delta=Ford	260.7383	140.3858	0.650
freighter	1	Range=Strait	Scarp	260.7383	134.7477	0.659
freighter	1	Scarp	Meadow=Spur	151.0848	12.3336	0.925
freighter	1	Scarp	Tor	151.0848	0.0000	1.000
freighter	1	Scarp	Cairn	151.0848	0.0000	1.000
freighter	1	Scarp	Delta=Ford	151.0848	140.3858	0.518
freighter	1	Scarp	Range=Strait	151.0848	245.5314	0.381
freighter	7	Meadow=Spur	Tor	12.3336	0.0000	1.000
freighter	7	Meadow=Spur	Cairn	12.3336	0.0000	1.000
freighter	7	Meadow=Spur	Delta=Ford	12.3336	101.0361	0.109
freighter	7	Meadow=Spur	Range=Strait	12.3336	156.3867	0.073
freighter	7	Meadow=Spur	Scarp	12.3336	130.5942	0.086
freighter	7	Tor	Meadow=Spur	0.0000	10.1258	0.000
freighter	7	Tor	Cairn	0.0000	0.0000	0.500
freighter	7	Tor	Delta=Ford	0.0000	101.0361	0.000
freighter	7	Tor	Range=Strait	0.0000	156.3867	0.000
freighter	7	Tor	Scarp	0.0000	130.5942	0.000
freighter	7	Cairn	Meadow=Spur	0.0000	10.1258	0.000
freighter	7	Cairn	Tor	0.0000	0.0000	0.500
freighter	7	Cairn	Delta=Ford	0.0000	101.0361	0.000
freighter	7	Cairn	Range=Strait	0.0000	156.3867	0.000
freighter	7	Cairn	Scarp	0.0000	130.5942	0.000
freighter	7	Delta=Ford	Meadow=Spur	139.9019	10.1258	0.933
freighter	7	Delta=Ford	Tor	139.9019	0.0000	1.000
freighter	7	Delta=Ford	Cairn	139.9019	0.0000	1.000
freighter	7	Delta=Ford	Range=Strait	139.9019	156.3867	0.472
freighter	7	Delta=Ford	Scarp	139.9019	130.5942	0.517
freighter	7	Range=Strait	Meadow=Spur	374.5902	10.1258	0.974
freighter	7	Range=Strait	Tor	374.5902	0.0000	1.000
freighter	7	Range=Strait	Cairn	374.5902	0.0000	1.000
freighter	7	Range=Strait	Delta=Ford	374.5902	101.0361	0.788
freighter	7	Range=Strait	Scarp	374.5902	130.5942	0.741
freighter	7	Scarp	Meadow=Spur	184.2954	10.1258	0.948
freighter	7	Scarp	Tor	184.2954	0.0000	1.000
freighter	7	Scarp	Cairn	184.2954	0.0000	1.000
freighter	7	Scarp	Delta=Ford	184.2954	101.0361	0.646
freighter	7	Scarp	Range=Strait	184.2954	156.3867	0.541
freighter	42	Meadow=Spur	Tor	11.9097	0.0000	1.000
freighter	42	Meadow=Spur	Cairn	11.9097	0.0000	1.000
freighter	42	Meadow=Spur	Delta=Ford	11.9097	98.2950	0.108
freighter	42	Meadow=Spur	Range=Strait	11.9097	172.6908	0.065
freighter	42	Meadow=Spur	Scarp	11.9097	103.0525	0.104
freighter	42	Tor	Meadow=Spur	0.0000	7.7958	0.000
freighter	42	Tor	Cairn	0.0000	0.0000	0.500
freighter	42	Tor	Delta=Ford	0.0000	98.2950	0.000
freighter	42	Tor	Range=Strait	0.0000	172.6908	0.000
freighter	42	Tor	Scarp	0.0000	103.0525	0.000
freighter	42	Cairn	Meadow=Spur	0.0000	7.7958	0.000
freighter	42	Cairn	Tor	0.0000	0.0000	0.500
freighter	42	Cairn	Delta=Ford	0.0000	98.2950	0.000
freighter	42	Cairn	Range=Strait	0.0000	172.6908	0.000
freighter	42	Cairn	Scarp	0.0000	103.0525	0.000
freighter	42	Delta=Ford	Meadow=Spur	125.6504	7.7958	0.942
freighter	42	Delta=Ford	Tor	125.6504	0.0000	1.000
freighter	42	Delta=Ford	Cairn	125.6504	0.0000	1.000
freighter	42	Delta=Ford	Range=Strait	125.6504	172.6908	0.421
freighter	42	Delta=Ford	Scarp	125.6504	103.0525	0.549
freighter	42	Range=Strait	Meadow=Spur	339.5330	7.7958	0.978
freighter	42	Range=Strait	Tor	339.5330	0.0000	1.000
freighter	42	Range=Strait	Cairn	339.5330	0.0000	1.000
freighter	42	Range=Strait	Delta=Ford	339.5330	98.2950	0.775
freighter	42	Range=Strait	Scarp	339.5330	103.0525	0.767
freighter	42	Scarp	Meadow=Spur	115.8933	7.7958	0.937
freighter	42	Scarp	Tor	115.8933	0.0000	1.000
freighter	42	Scarp	Cairn	115.8933	0.0000	1.000
freighter	42	Scarp	Delta=Ford	115.8933	98.2950	0.541
freighter	42	Scarp	Range=Strait	115.8933	172.6908	0.402
freighter	31337	Meadow=Spur	Tor	11.6719	0.0000	1.000
freighter	31337	Meadow=Spur	Cairn	11.6719	0.0000	1.000
freighter	31337	Meadow=Spur	Delta=Ford	11.6719	133.7644	0.080
freighter	31337	Meadow=Spur	Range=Strait	11.6719	218.9326	0.051
freighter	31337	Meadow=Spur	Scarp	11.6719	119.4808	0.089
freighter	31337	Tor	Meadow=Spur	0.0000	12.2683	0.000
freighter	31337	Tor	Cairn	0.0000	0.0000	0.500
freighter	31337	Tor	Delta=Ford	0.0000	133.7644	0.000
freighter	31337	Tor	Range=Strait	0.0000	218.9326	0.000
freighter	31337	Tor	Scarp	0.0000	119.4808	0.000
freighter	31337	Cairn	Meadow=Spur	0.0000	12.2683	0.000
freighter	31337	Cairn	Tor	0.0000	0.0000	0.500
freighter	31337	Cairn	Delta=Ford	0.0000	133.7644	0.000
freighter	31337	Cairn	Range=Strait	0.0000	218.9326	0.000
freighter	31337	Cairn	Scarp	0.0000	119.4808	0.000
freighter	31337	Delta=Ford	Meadow=Spur	162.0855	12.2683	0.930
freighter	31337	Delta=Ford	Tor	162.0855	0.0000	1.000
freighter	31337	Delta=Ford	Cairn	162.0855	0.0000	1.000
freighter	31337	Delta=Ford	Range=Strait	162.0855	218.9326	0.425
freighter	31337	Delta=Ford	Scarp	162.0855	119.4808	0.576
freighter	31337	Range=Strait	Meadow=Spur	307.7340	12.2683	0.962
freighter	31337	Range=Strait	Tor	307.7340	0.0000	1.000
freighter	31337	Range=Strait	Cairn	307.7340	0.0000	1.000
freighter	31337	Range=Strait	Delta=Ford	307.7340	133.7644	0.697
freighter	31337	Range=Strait	Scarp	307.7340	119.4808	0.720
freighter	31337	Scarp	Meadow=Spur	153.8453	12.2683	0.926
freighter	31337	Scarp	Tor	153.8453	0.0000	1.000
freighter	31337	Scarp	Cairn	153.8453	0.0000	1.000
freighter	31337	Scarp	Delta=Ford	153.8453	133.7644	0.535
freighter	31337	Scarp	Range=Strait	153.8453	218.9326	0.413
freighter	2	Meadow=Spur	Tor	10.9174	0.0000	1.000
freighter	2	Meadow=Spur	Cairn	10.9174	0.0000	1.000
freighter	2	Meadow=Spur	Delta=Ford	10.9174	142.0357	0.071
freighter	2	Meadow=Spur	Range=Strait	10.9174	247.1701	0.042
freighter	2	Meadow=Spur	Scarp	10.9174	190.5545	0.054
freighter	2	Tor	Meadow=Spur	0.0000	11.7133	0.000
freighter	2	Tor	Cairn	0.0000	0.0000	0.500
freighter	2	Tor	Delta=Ford	0.0000	142.0357	0.000
freighter	2	Tor	Range=Strait	0.0000	247.1701	0.000
freighter	2	Tor	Scarp	0.0000	190.5545	0.000
freighter	2	Cairn	Meadow=Spur	0.0000	11.7133	0.000
freighter	2	Cairn	Tor	0.0000	0.0000	0.500
freighter	2	Cairn	Delta=Ford	0.0000	142.0357	0.000
freighter	2	Cairn	Range=Strait	0.0000	247.1701	0.000
freighter	2	Cairn	Scarp	0.0000	190.5545	0.000
freighter	2	Delta=Ford	Meadow=Spur	134.2877	11.7133	0.920
freighter	2	Delta=Ford	Tor	134.2877	0.0000	1.000
freighter	2	Delta=Ford	Cairn	134.2877	0.0000	1.000
freighter	2	Delta=Ford	Range=Strait	134.2877	247.1701	0.352
freighter	2	Delta=Ford	Scarp	134.2877	190.5545	0.413
freighter	2	Range=Strait	Meadow=Spur	277.6763	11.7133	0.960
freighter	2	Range=Strait	Tor	277.6763	0.0000	1.000
freighter	2	Range=Strait	Cairn	277.6763	0.0000	1.000
freighter	2	Range=Strait	Delta=Ford	277.6763	142.0357	0.662
freighter	2	Range=Strait	Scarp	277.6763	190.5545	0.593
freighter	2	Scarp	Meadow=Spur	179.9492	11.7133	0.939
freighter	2	Scarp	Tor	179.9492	0.0000	1.000
freighter	2	Scarp	Cairn	179.9492	0.0000	1.000
freighter	2	Scarp	Delta=Ford	179.9492	142.0357	0.559
freighter	2	Scarp	Range=Strait	179.9492	247.1701	0.421
freighter	3	Meadow=Spur	Tor	11.1964	0.0000	1.000
freighter	3	Meadow=Spur	Cairn	11.1964	0.0000	1.000
freighter	3	Meadow=Spur	Delta=Ford	11.1964	130.8422	0.079
freighter	3	Meadow=Spur	Range=Strait	11.1964	260.0959	0.041
freighter	3	Meadow=Spur	Scarp	11.1964	80.8451	0.122
freighter	3	Tor	Meadow=Spur	0.0000	11.8037	0.000
freighter	3	Tor	Cairn	0.0000	0.0000	0.500
freighter	3	Tor	Delta=Ford	0.0000	130.8422	0.000
freighter	3	Tor	Range=Strait	0.0000	260.0959	0.000
freighter	3	Tor	Scarp	0.0000	80.8451	0.000
freighter	3	Cairn	Meadow=Spur	0.0000	11.8037	0.000
freighter	3	Cairn	Tor	0.0000	0.0000	0.500
freighter	3	Cairn	Delta=Ford	0.0000	130.8422	0.000
freighter	3	Cairn	Range=Strait	0.0000	260.0959	0.000
freighter	3	Cairn	Scarp	0.0000	80.8451	0.000
freighter	3	Delta=Ford	Meadow=Spur	134.2729	11.8037	0.919
freighter	3	Delta=Ford	Tor	134.2729	0.0000	1.000
freighter	3	Delta=Ford	Cairn	134.2729	0.0000	1.000
freighter	3	Delta=Ford	Range=Strait	134.2729	260.0959	0.340
freighter	3	Delta=Ford	Scarp	134.2729	80.8451	0.624
freighter	3	Range=Strait	Meadow=Spur	243.7115	11.8037	0.954
freighter	3	Range=Strait	Tor	243.7115	0.0000	1.000
freighter	3	Range=Strait	Cairn	243.7115	0.0000	1.000
freighter	3	Range=Strait	Delta=Ford	243.7115	130.8422	0.651
freighter	3	Range=Strait	Scarp	243.7115	80.8451	0.751
freighter	3	Scarp	Meadow=Spur	127.1137	11.8037	0.915
freighter	3	Scarp	Tor	127.1137	0.0000	1.000
freighter	3	Scarp	Cairn	127.1137	0.0000	1.000
freighter	3	Scarp	Delta=Ford	127.1137	130.8422	0.493
freighter	3	Scarp	Range=Strait	127.1137	260.0959	0.328
freighter	5	Meadow=Spur	Tor	10.2969	0.0000	1.000
freighter	5	Meadow=Spur	Cairn	10.2969	0.0000	1.000
freighter	5	Meadow=Spur	Delta=Ford	10.2969	79.4355	0.115
freighter	5	Meadow=Spur	Range=Strait	10.2969	154.6781	0.062
freighter	5	Meadow=Spur	Scarp	10.2969	75.3765	0.120
freighter	5	Tor	Meadow=Spur	0.0000	8.6532	0.000
freighter	5	Tor	Cairn	0.0000	0.0000	0.500
freighter	5	Tor	Delta=Ford	0.0000	79.4355	0.000
freighter	5	Tor	Range=Strait	0.0000	154.6781	0.000
freighter	5	Tor	Scarp	0.0000	75.3765	0.000
freighter	5	Cairn	Meadow=Spur	0.0000	8.6532	0.000
freighter	5	Cairn	Tor	0.0000	0.0000	0.500
freighter	5	Cairn	Delta=Ford	0.0000	79.4355	0.000
freighter	5	Cairn	Range=Strait	0.0000	154.6781	0.000
freighter	5	Cairn	Scarp	0.0000	75.3765	0.000
freighter	5	Delta=Ford	Meadow=Spur	138.5970	8.6532	0.941
freighter	5	Delta=Ford	Tor	138.5970	0.0000	1.000
freighter	5	Delta=Ford	Cairn	138.5970	0.0000	1.000
freighter	5	Delta=Ford	Range=Strait	138.5970	154.6781	0.473
freighter	5	Delta=Ford	Scarp	138.5970	75.3765	0.648
freighter	5	Range=Strait	Meadow=Spur	468.4251	8.6532	0.982
freighter	5	Range=Strait	Tor	468.4251	0.0000	1.000
freighter	5	Range=Strait	Cairn	468.4251	0.0000	1.000
freighter	5	Range=Strait	Delta=Ford	468.4251	79.4355	0.855
freighter	5	Range=Strait	Scarp	468.4251	75.3765	0.861
freighter	5	Scarp	Meadow=Spur	176.4183	8.6532	0.953
freighter	5	Scarp	Tor	176.4183	0.0000	1.000
freighter	5	Scarp	Cairn	176.4183	0.0000	1.000
freighter	5	Scarp	Delta=Ford	176.4183	79.4355	0.690
freighter	5	Scarp	Range=Strait	176.4183	154.6781	0.533
freighter	11	Meadow=Spur	Tor	11.4342	0.0000	1.000
freighter	11	Meadow=Spur	Cairn	11.4342	0.0000	1.000
freighter	11	Meadow=Spur	Delta=Ford	11.4342	106.5780	0.097
freighter	11	Meadow=Spur	Range=Strait	11.4342	172.6517	0.062
freighter	11	Meadow=Spur	Scarp	11.4342	150.4595	0.071
freighter	11	Tor	Meadow=Spur	0.0000	9.0277	0.000
freighter	11	Tor	Cairn	0.0000	0.0000	0.500
freighter	11	Tor	Delta=Ford	0.0000	106.5780	0.000
freighter	11	Tor	Range=Strait	0.0000	172.6517	0.000
freighter	11	Tor	Scarp	0.0000	150.4595	0.000
freighter	11	Cairn	Meadow=Spur	0.0000	9.0277	0.000
freighter	11	Cairn	Tor	0.0000	0.0000	0.500
freighter	11	Cairn	Delta=Ford	0.0000	106.5780	0.000
freighter	11	Cairn	Range=Strait	0.0000	172.6517	0.000
freighter	11	Cairn	Scarp	0.0000	150.4595	0.000
freighter	11	Delta=Ford	Meadow=Spur	135.9328	9.0277	0.938
freighter	11	Delta=Ford	Tor	135.9328	0.0000	1.000
freighter	11	Delta=Ford	Cairn	135.9328	0.0000	1.000
freighter	11	Delta=Ford	Range=Strait	135.9328	172.6517	0.441
freighter	11	Delta=Ford	Scarp	135.9328	150.4595	0.475
freighter	11	Range=Strait	Meadow=Spur	499.6534	9.0277	0.982
freighter	11	Range=Strait	Tor	499.6534	0.0000	1.000
freighter	11	Range=Strait	Cairn	499.6534	0.0000	1.000
freighter	11	Range=Strait	Delta=Ford	499.6534	106.5780	0.824
freighter	11	Range=Strait	Scarp	499.6534	150.4595	0.769
freighter	11	Scarp	Meadow=Spur	206.9530	9.0277	0.958
freighter	11	Scarp	Tor	206.9530	0.0000	1.000
freighter	11	Scarp	Cairn	206.9530	0.0000	1.000
freighter	11	Scarp	Delta=Ford	206.9530	106.5780	0.660
freighter	11	Scarp	Range=Strait	206.9530	172.6517	0.545
scout	1	Meadow=Spur	Tor	509.0000	456.0000	0.527
scout	1	Meadow=Spur	Cairn	509.0000	456.0000	0.527
scout	1	Meadow=Spur	Delta=Ford	509.0000	234.0000	0.685
scout	1	Meadow=Spur	Range=Strait	509.0000	33.0000	0.939
scout	1	Meadow=Spur	Scarp	509.0000	40.0000	0.927
scout	1	Tor	Meadow=Spur	509.0000	456.0000	0.527
scout	1	Tor	Cairn	509.0000	456.0000	0.527
scout	1	Tor	Delta=Ford	509.0000	234.0000	0.685
scout	1	Tor	Range=Strait	509.0000	33.0000	0.939
scout	1	Tor	Scarp	509.0000	40.0000	0.927
scout	1	Cairn	Meadow=Spur	509.0000	456.0000	0.527
scout	1	Cairn	Tor	509.0000	456.0000	0.527
scout	1	Cairn	Delta=Ford	509.0000	234.0000	0.685
scout	1	Cairn	Range=Strait	509.0000	33.0000	0.939
scout	1	Cairn	Scarp	509.0000	40.0000	0.927
scout	1	Delta=Ford	Meadow=Spur	245.0000	456.0000	0.350
scout	1	Delta=Ford	Tor	245.0000	456.0000	0.350
scout	1	Delta=Ford	Cairn	245.0000	456.0000	0.350
scout	1	Delta=Ford	Range=Strait	245.0000	33.0000	0.881
scout	1	Delta=Ford	Scarp	245.0000	40.0000	0.860
scout	1	Range=Strait	Meadow=Spur	35.0000	456.0000	0.071
scout	1	Range=Strait	Tor	35.0000	456.0000	0.071
scout	1	Range=Strait	Cairn	35.0000	456.0000	0.071
scout	1	Range=Strait	Delta=Ford	35.0000	234.0000	0.130
scout	1	Range=Strait	Scarp	35.0000	40.0000	0.467
scout	1	Scarp	Meadow=Spur	42.0000	456.0000	0.084
scout	1	Scarp	Tor	42.0000	456.0000	0.084
scout	1	Scarp	Cairn	42.0000	456.0000	0.084
scout	1	Scarp	Delta=Ford	42.0000	234.0000	0.152
scout	1	Scarp	Range=Strait	42.0000	33.0000	0.560
scout	7	Meadow=Spur	Tor	464.0000	482.0000	0.490
scout	7	Meadow=Spur	Cairn	464.0000	482.0000	0.490
scout	7	Meadow=Spur	Delta=Ford	464.0000	242.0000	0.657
scout	7	Meadow=Spur	Range=Strait	464.0000	37.0000	0.926
scout	7	Meadow=Spur	Scarp	464.0000	43.0000	0.915
scout	7	Tor	Meadow=Spur	464.0000	482.0000	0.490
scout	7	Tor	Cairn	464.0000	482.0000	0.490
scout	7	Tor	Delta=Ford	464.0000	242.0000	0.657
scout	7	Tor	Range=Strait	464.0000	37.0000	0.926
scout	7	Tor	Scarp	464.0000	43.0000	0.915
scout	7	Cairn	Meadow=Spur	464.0000	482.0000	0.490
scout	7	Cairn	Tor	464.0000	482.0000	0.490
scout	7	Cairn	Delta=Ford	464.0000	242.0000	0.657
scout	7	Cairn	Range=Strait	464.0000	37.0000	0.926
scout	7	Cairn	Scarp	464.0000	43.0000	0.915
scout	7	Delta=Ford	Meadow=Spur	231.0000	482.0000	0.324
scout	7	Delta=Ford	Tor	231.0000	482.0000	0.324
scout	7	Delta=Ford	Cairn	231.0000	482.0000	0.324
scout	7	Delta=Ford	Range=Strait	231.0000	37.0000	0.862
scout	7	Delta=Ford	Scarp	231.0000	43.0000	0.843
scout	7	Range=Strait	Meadow=Spur	30.0000	482.0000	0.059
scout	7	Range=Strait	Tor	30.0000	482.0000	0.059
scout	7	Range=Strait	Cairn	30.0000	482.0000	0.059
scout	7	Range=Strait	Delta=Ford	30.0000	242.0000	0.110
scout	7	Range=Strait	Scarp	30.0000	43.0000	0.411
scout	7	Scarp	Meadow=Spur	36.0000	482.0000	0.069
scout	7	Scarp	Tor	36.0000	482.0000	0.069
scout	7	Scarp	Cairn	36.0000	482.0000	0.069
scout	7	Scarp	Delta=Ford	36.0000	242.0000	0.129
scout	7	Scarp	Range=Strait	36.0000	37.0000	0.493
scout	42	Meadow=Spur	Tor	477.0000	501.0000	0.488
scout	42	Meadow=Spur	Cairn	477.0000	501.0000	0.488
scout	42	Meadow=Spur	Delta=Ford	477.0000	226.0000	0.679
scout	42	Meadow=Spur	Range=Strait	477.0000	32.0000	0.937
scout	42	Meadow=Spur	Scarp	477.0000	37.0000	0.928
scout	42	Tor	Meadow=Spur	477.0000	501.0000	0.488
scout	42	Tor	Cairn	477.0000	501.0000	0.488
scout	42	Tor	Delta=Ford	477.0000	226.0000	0.679
scout	42	Tor	Range=Strait	477.0000	32.0000	0.937
scout	42	Tor	Scarp	477.0000	37.0000	0.928
scout	42	Cairn	Meadow=Spur	477.0000	501.0000	0.488
scout	42	Cairn	Tor	477.0000	501.0000	0.488
scout	42	Cairn	Delta=Ford	477.0000	226.0000	0.679
scout	42	Cairn	Range=Strait	477.0000	32.0000	0.937
scout	42	Cairn	Scarp	477.0000	37.0000	0.928
scout	42	Delta=Ford	Meadow=Spur	245.0000	501.0000	0.328
scout	42	Delta=Ford	Tor	245.0000	501.0000	0.328
scout	42	Delta=Ford	Cairn	245.0000	501.0000	0.328
scout	42	Delta=Ford	Range=Strait	245.0000	32.0000	0.884
scout	42	Delta=Ford	Scarp	245.0000	37.0000	0.869
scout	42	Range=Strait	Meadow=Spur	34.0000	501.0000	0.064
scout	42	Range=Strait	Tor	34.0000	501.0000	0.064
scout	42	Range=Strait	Cairn	34.0000	501.0000	0.064
scout	42	Range=Strait	Delta=Ford	34.0000	226.0000	0.131
scout	42	Range=Strait	Scarp	34.0000	37.0000	0.479
scout	42	Scarp	Meadow=Spur	40.0000	501.0000	0.074
scout	42	Scarp	Tor	40.0000	501.0000	0.074
scout	42	Scarp	Cairn	40.0000	501.0000	0.074
scout	42	Scarp	Delta=Ford	40.0000	226.0000	0.150
scout	42	Scarp	Range=Strait	40.0000	32.0000	0.556
scout	31337	Meadow=Spur	Tor	446.0000	477.0000	0.483
scout	31337	Meadow=Spur	Cairn	446.0000	477.0000	0.483
scout	31337	Meadow=Spur	Delta=Ford	446.0000	239.0000	0.651
scout	31337	Meadow=Spur	Range=Strait	446.0000	32.0000	0.933
scout	31337	Meadow=Spur	Scarp	446.0000	38.0000	0.921
scout	31337	Tor	Meadow=Spur	446.0000	477.0000	0.483
scout	31337	Tor	Cairn	446.0000	477.0000	0.483
scout	31337	Tor	Delta=Ford	446.0000	239.0000	0.651
scout	31337	Tor	Range=Strait	446.0000	32.0000	0.933
scout	31337	Tor	Scarp	446.0000	38.0000	0.921
scout	31337	Cairn	Meadow=Spur	446.0000	477.0000	0.483
scout	31337	Cairn	Tor	446.0000	477.0000	0.483
scout	31337	Cairn	Delta=Ford	446.0000	239.0000	0.651
scout	31337	Cairn	Range=Strait	446.0000	32.0000	0.933
scout	31337	Cairn	Scarp	446.0000	38.0000	0.921
scout	31337	Delta=Ford	Meadow=Spur	233.0000	477.0000	0.328
scout	31337	Delta=Ford	Tor	233.0000	477.0000	0.328
scout	31337	Delta=Ford	Cairn	233.0000	477.0000	0.328
scout	31337	Delta=Ford	Range=Strait	233.0000	32.0000	0.879
scout	31337	Delta=Ford	Scarp	233.0000	38.0000	0.860
scout	31337	Range=Strait	Meadow=Spur	36.0000	477.0000	0.070
scout	31337	Range=Strait	Tor	36.0000	477.0000	0.070
scout	31337	Range=Strait	Cairn	36.0000	477.0000	0.070
scout	31337	Range=Strait	Delta=Ford	36.0000	239.0000	0.131
scout	31337	Range=Strait	Scarp	36.0000	38.0000	0.486
scout	31337	Scarp	Meadow=Spur	43.0000	477.0000	0.083
scout	31337	Scarp	Tor	43.0000	477.0000	0.083
scout	31337	Scarp	Cairn	43.0000	477.0000	0.083
scout	31337	Scarp	Delta=Ford	43.0000	239.0000	0.152
scout	31337	Scarp	Range=Strait	43.0000	32.0000	0.573
scout	2	Meadow=Spur	Tor	454.0000	476.0000	0.488
scout	2	Meadow=Spur	Cairn	454.0000	476.0000	0.488
scout	2	Meadow=Spur	Delta=Ford	454.0000	239.0000	0.655
scout	2	Meadow=Spur	Range=Strait	454.0000	37.0000	0.925
scout	2	Meadow=Spur	Scarp	454.0000	44.0000	0.912
scout	2	Tor	Meadow=Spur	454.0000	476.0000	0.488
scout	2	Tor	Cairn	454.0000	476.0000	0.488
scout	2	Tor	Delta=Ford	454.0000	239.0000	0.655
scout	2	Tor	Range=Strait	454.0000	37.0000	0.925
scout	2	Tor	Scarp	454.0000	44.0000	0.912
scout	2	Cairn	Meadow=Spur	454.0000	476.0000	0.488
scout	2	Cairn	Tor	454.0000	476.0000	0.488
scout	2	Cairn	Delta=Ford	454.0000	239.0000	0.655
scout	2	Cairn	Range=Strait	454.0000	37.0000	0.925
scout	2	Cairn	Scarp	454.0000	44.0000	0.912
scout	2	Delta=Ford	Meadow=Spur	230.0000	476.0000	0.326
scout	2	Delta=Ford	Tor	230.0000	476.0000	0.326
scout	2	Delta=Ford	Cairn	230.0000	476.0000	0.326
scout	2	Delta=Ford	Range=Strait	230.0000	37.0000	0.861
scout	2	Delta=Ford	Scarp	230.0000	44.0000	0.839
scout	2	Range=Strait	Meadow=Spur	33.0000	476.0000	0.065
scout	2	Range=Strait	Tor	33.0000	476.0000	0.065
scout	2	Range=Strait	Cairn	33.0000	476.0000	0.065
scout	2	Range=Strait	Delta=Ford	33.0000	239.0000	0.121
scout	2	Range=Strait	Scarp	33.0000	44.0000	0.429
scout	2	Scarp	Meadow=Spur	38.0000	476.0000	0.074
scout	2	Scarp	Tor	38.0000	476.0000	0.074
scout	2	Scarp	Cairn	38.0000	476.0000	0.074
scout	2	Scarp	Delta=Ford	38.0000	239.0000	0.137
scout	2	Scarp	Range=Strait	38.0000	37.0000	0.507
scout	3	Meadow=Spur	Tor	473.0000	460.0000	0.507
scout	3	Meadow=Spur	Cairn	473.0000	460.0000	0.507
scout	3	Meadow=Spur	Delta=Ford	473.0000	233.0000	0.670
scout	3	Meadow=Spur	Range=Strait	473.0000	37.0000	0.927
scout	3	Meadow=Spur	Scarp	473.0000	42.0000	0.918
scout	3	Tor	Meadow=Spur	473.0000	460.0000	0.507
scout	3	Tor	Cairn	473.0000	460.0000	0.507
scout	3	Tor	Delta=Ford	473.0000	233.0000	0.670
scout	3	Tor	Range=Strait	473.0000	37.0000	0.927
scout	3	Tor	Scarp	473.0000	42.0000	0.918
scout	3	Cairn	Meadow=Spur	473.0000	460.0000	0.507
scout	3	Cairn	Tor	473.0000	460.0000	0.507
scout	3	Cairn	Delta=Ford	473.0000	233.0000	0.670
scout	3	Cairn	Range=Strait	473.0000	37.0000	0.927
scout	3	Cairn	Scarp	473.0000	42.0000	0.918
scout	3	Delta=Ford	Meadow=Spur	222.0000	460.0000	0.326
scout	3	Delta=Ford	Tor	222.0000	460.0000	0.326
scout	3	Delta=Ford	Cairn	222.0000	460.0000	0.326
scout	3	Delta=Ford	Range=Strait	222.0000	37.0000	0.857
scout	3	Delta=Ford	Scarp	222.0000	42.0000	0.841
scout	3	Range=Strait	Meadow=Spur	30.0000	460.0000	0.061
scout	3	Range=Strait	Tor	30.0000	460.0000	0.061
scout	3	Range=Strait	Cairn	30.0000	460.0000	0.061
scout	3	Range=Strait	Delta=Ford	30.0000	233.0000	0.114
scout	3	Range=Strait	Scarp	30.0000	42.0000	0.417
scout	3	Scarp	Meadow=Spur	36.0000	460.0000	0.073
scout	3	Scarp	Tor	36.0000	460.0000	0.073
scout	3	Scarp	Cairn	36.0000	460.0000	0.073
scout	3	Scarp	Delta=Ford	36.0000	233.0000	0.134
scout	3	Scarp	Range=Strait	36.0000	37.0000	0.493
scout	5	Meadow=Spur	Tor	468.0000	476.0000	0.496
scout	5	Meadow=Spur	Cairn	468.0000	476.0000	0.496
scout	5	Meadow=Spur	Delta=Ford	468.0000	230.0000	0.670
scout	5	Meadow=Spur	Range=Strait	468.0000	31.0000	0.938
scout	5	Meadow=Spur	Scarp	468.0000	37.0000	0.927
scout	5	Tor	Meadow=Spur	468.0000	476.0000	0.496
scout	5	Tor	Cairn	468.0000	476.0000	0.496
scout	5	Tor	Delta=Ford	468.0000	230.0000	0.670
scout	5	Tor	Range=Strait	468.0000	31.0000	0.938
scout	5	Tor	Scarp	468.0000	37.0000	0.927
scout	5	Cairn	Meadow=Spur	468.0000	476.0000	0.496
scout	5	Cairn	Tor	468.0000	476.0000	0.496
scout	5	Cairn	Delta=Ford	468.0000	230.0000	0.670
scout	5	Cairn	Range=Strait	468.0000	31.0000	0.938
scout	5	Cairn	Scarp	468.0000	37.0000	0.927
scout	5	Delta=Ford	Meadow=Spur	220.0000	476.0000	0.316
scout	5	Delta=Ford	Tor	220.0000	476.0000	0.316
scout	5	Delta=Ford	Cairn	220.0000	476.0000	0.316
scout	5	Delta=Ford	Range=Strait	220.0000	31.0000	0.876
scout	5	Delta=Ford	Scarp	220.0000	37.0000	0.856
scout	5	Range=Strait	Meadow=Spur	29.0000	476.0000	0.057
scout	5	Range=Strait	Tor	29.0000	476.0000	0.057
scout	5	Range=Strait	Cairn	29.0000	476.0000	0.057
scout	5	Range=Strait	Delta=Ford	29.0000	230.0000	0.112
scout	5	Range=Strait	Scarp	29.0000	37.0000	0.439
scout	5	Scarp	Meadow=Spur	34.0000	476.0000	0.067
scout	5	Scarp	Tor	34.0000	476.0000	0.067
scout	5	Scarp	Cairn	34.0000	476.0000	0.067
scout	5	Scarp	Delta=Ford	34.0000	230.0000	0.129
scout	5	Scarp	Range=Strait	34.0000	31.0000	0.523
scout	11	Meadow=Spur	Tor	491.0000	484.0000	0.504
scout	11	Meadow=Spur	Cairn	491.0000	484.0000	0.504
scout	11	Meadow=Spur	Delta=Ford	491.0000	224.0000	0.687
scout	11	Meadow=Spur	Range=Strait	491.0000	29.0000	0.944
scout	11	Meadow=Spur	Scarp	491.0000	34.0000	0.935
scout	11	Tor	Meadow=Spur	491.0000	484.0000	0.504
scout	11	Tor	Cairn	491.0000	484.0000	0.504
scout	11	Tor	Delta=Ford	491.0000	224.0000	0.687
scout	11	Tor	Range=Strait	491.0000	29.0000	0.944
scout	11	Tor	Scarp	491.0000	34.0000	0.935
scout	11	Cairn	Meadow=Spur	491.0000	484.0000	0.504
scout	11	Cairn	Tor	491.0000	484.0000	0.504
scout	11	Cairn	Delta=Ford	491.0000	224.0000	0.687
scout	11	Cairn	Range=Strait	491.0000	29.0000	0.944
scout	11	Cairn	Scarp	491.0000	34.0000	0.935
scout	11	Delta=Ford	Meadow=Spur	243.0000	484.0000	0.334
scout	11	Delta=Ford	Tor	243.0000	484.0000	0.334
scout	11	Delta=Ford	Cairn	243.0000	484.0000	0.334
scout	11	Delta=Ford	Range=Strait	243.0000	29.0000	0.893
scout	11	Delta=Ford	Scarp	243.0000	34.0000	0.877
scout	11	Range=Strait	Meadow=Spur	34.0000	484.0000	0.066
scout	11	Range=Strait	Tor	34.0000	484.0000	0.066
scout	11	Range=Strait	Cairn	34.0000	484.0000	0.066
scout	11	Range=Strait	Delta=Ford	34.0000	224.0000	0.132
scout	11	Range=Strait	Scarp	34.0000	34.0000	0.500
scout	11	Scarp	Meadow=Spur	40.0000	484.0000	0.076
scout	11	Scarp	Tor	40.0000	484.0000	0.076
scout	11	Scarp	Cairn	40.0000	484.0000	0.076
scout	11	Scarp	Delta=Ford	40.0000	224.0000	0.152
scout	11	Scarp	Range=Strait	40.0000	29.0000	0.580
